name,contact_number,contact_person,address,tin,customer_type_id,pricing_remarks
PERFECT AUTO PARTS INC. ,082-221-0169,SEASTAR,R. MAGSAYSAY AVE. DAVAO CITY,000-076-452,1,
MAPH  AUTO PARTS,,,VILLA ABRILLE ST. DAVAO CITY,,1,
"FORDTOWN AUTO SUPPLY,INC.",082-221-2504/05,SEASTAR ( mam joy),"590 E Quirino Av,BRGY POBLACION DISTRICT Davao City 8000",009-889-789,1,
"LAUAN INDUSTRIES, INC.",227-5470,EDNA accounting,"43 P. Sobrecarey St, bo obrero, Davao City",000-077-041,1,
JVNI AUTO SUPPLY,(082) 224 5011/5012,VINCENT ANG,"Sta. Ana Ave. Cor. Gempesaw, Davao City",936-269-875,1,
FIVE STAR SURPLUS & HARD,224-6088/6188,,"169 5th A. ST.ECOLOND MATINA, DAVAO CITY",,1,
ROADSTAR AUTO SUPPLY,088-856-3875,seastar (ROADSTAR8853@YAHOO.COM.PH),OSMENA ST. CAGAYAN DE ORO CITY,103-310-823,1,
ANSCO AUTO SUPPLY & HARDWARE,9226998233,SEASTAR,129 A R. MAGSAYSAY AVE. DAVAO CITY,,1,
NEDMAR AUTO SUPPLY,082-221-3403/04,,"VILLA ABRILLE ST., DAVAO CITY",,1,
MAPH  AUTO PARTS,,,VILLA ABRILLE ST. DAVAO CITY,,1,
FIVE STAR SURPLUS & HARD,,,"169 5th A. ST.ECOLOND MATINA, DAVAO CITY",,1,
NEW DAVAO STARLIGHT HARD.,082-221-7511,,"160 R. MAGSAYSAY  AVE., DAVAO CITY",,1,
TAIHU PARTS & HARDWARE INC.,09177002793 082-226-4448,SEASTAR,VILLA ABRILLE BLDG. DAVAO CITY,000-076-874,1,
REALSON CLUTCH-BRAKE & AUTO SUPPLY,+63 (82) 224 0007 09558961001,SOUTHSEA ---------- 178 cargo 09338516907 honey,MAGALLANES ST. DAVAO CITY,000-065-432,1,
"FARMA AUTO SUPPLY, INC.",082-226-4596,SEASTAR,"MONTEVERDE AVE., DAVAO CITY",,1,
PHIL. ALL TRAC MOTORS CORP.,082-221-4044 (RENZ),patmcorp@gmail.com082-226-3968 082-221-9084 09176315588,"STA. ANA AVENUE, DAVAO CITY    AUTO PARTS DEALER",000-077-816,1,
DAVAO ECONOMY AUTO PARTS,9163119394,SIR SIOTI,"8B VILLA ABRILLE ST., DAVAO CITY",004-748-346,1,
XXNEDMAR AUTO SUPPLY,082-221-3102,,SUAZO ST. DAVAO CITY,,1,
DAVAO MILON TRADE,082-221-1239,SIR FRED SEASTAR,131 R. MAGASAYSAY ST. DAVAO CITY,,1,
WAVETECH AUTO SUPPLY,082-226-4797,,DAVAO CITY,,1,
LCL INDUSTRIAL SALES,,,DAVAO CITY,,1,
CRUZ ELECTRICAL & CONSTRUCTION SUPPLY ,082-227-5113,,"355 MONTEVERDE AVE., DAVAO CITY",,1,
ASTINE MOTOR PARTS,227-2862,,"423 LIM BLDG., VILLA ABRILLE DAVAO CITY",,1,
DAVAO JONI AUTO SUPPLY,082-224-1665,,DOOR 1&2 FAR EAST CERIAL BLDG. DAVAO,,1,
SIMPLEX INDUSTRIAL CORP.,,,DAVAO CITY,,1,
METRO SOUND CAR ACCESS,082-221-7775,JOSHUA DISUACIDO,"T. MONTEVERDE AVE., DAVAO CITY",,1,
NEW TAS AUTO SUPPLY / HANSON YU,032-346-0167,HANSON YU,"MC BRIONES HI-WAY, MANDAUE CITY",220-677-060,1,
XXXXXXTRUST MARKETING & AUTO SUPPLY,032-345-1139,SOUTHSEA,"TIPOLO, MANDAUE CITY, CEBU",,1,
KTI MOTOR SALES,032-234-4880,PCDC,"102-J King Bldg, 3rd Ave., NRA,CEBU CITY",,1,
CEBU UNIVERSAL AUTO SUPPLY,(032)2549062,SEASTAR,LEON KILAT ST. CEBU CITY,,1,
POWER AUTO PARTS INC.,032-346-0724,DORIS CAPIN 09228207877,"SUBANGDAKU, MANDAUE CITY , CEBU",000-070-174,1,
GEMINI PARTS CENTER ( CEBU ),9664958049,CARLA,"719 M.J. CUENCO AVE., CEBU CITY",,1,
KOREAN AUTO PARTS,,,CEBU CITY,,1,
(OLD)SOUTH SEA AUTO SUPPLY,032-346-0106,SEASTAR,4 MT. TAAL ST. SINGSON VILLAGE MANDAUE,,1,
GREAT GRACE AUTO SUPPLY,032-,,3-1 LEON KILAT ST. CEBU CITY,,1,
TRIPLE-A AUTO PARTS TRADING (CEBU PIONEER AUTO SUPPLY),9177704469,"032/ SSTAR ( 18 LEON KILAT ST., CEBU CITY)",7 SAINTS MARYS DRIVE CEBU CITY,,1,
CEBU SEALTRUST AUTO SUPPLY,0921-207-3113,RICHELLE PATINA,"LEON KILAT ST., CEBU CITY",155-567-762,1,
H & E AUTO SUPPLY (FORMER KASALIGAN AUTO MART),9175466385,AP CARGO   (FORMER KASALIGAN AUTO MART),"MERCADO, BASAK, LAPU-LAPU CITY, CEBU",179-927-197,1,
YASCO MOTOR PARTS CORP ( TALISAY CEBU CITY),032-344-0001,ROLDAN SAYSON 032-236-8426,"ZONE 3, SAN ISIDRO TALISAY CITY CEBU  09235769587",004-268-535,1,
ALASKA REF. & AIRCON SUPPLY,,,"194-B ARANA ST., CEBU CITY",,1,
SECURITY AUTO SUPPLY,032-255-4326,SEASTAR,"#99 LEON KILAT ST., CEBU CITY",103-781-248,1,
CEBU SERVICE PARTS INC.,032-346-8827,SEASTAR 09159580383,"SINGSON VILLAGE, MANDAUE CITY, CEBU",,1,
VIC AUTO PARTS,032-254-6206,,"BORROMEO ST., CEBU CITY",,1,
CEBU ISUZU PARTS SUPPLY,032-253-8882,,"123 A. BORROMEO ST., CEBU CITY",,1,
IMAGE AUTO PARTS,032-345-2343,,"LK BLDG. SUBANGDAKU , MANDAUE CITY",,1,
RED SEA AUTO SUPPLY,032-346-8225,SEASTAR,"HI-WAY MAGUIKAY, MANDAUE CITY, CEBU",,1,
CEBU MASSIVE AUTO PARTS INC. ,032-261-7982/256-3418/19,MARYJANE MOLLON,"LEON KILAT ST., CEBU CITY",228-441-198,1,
YCB GENERAL MERCHANDISE, 032-346-1140,,"6 SESAME ST., DOÑA RITA VILL.. DANAO",,1,
CEBU TOTAL PARTS CENTER,032-346-7410,,"SUBANGDAKU, MANDAUE CITY",,1,
KAPITAN PARTS CENTER & CO. INC.,9175146780,,BORROMEO ST CEBU CITY,,1,
COACH KOY BANAL,,,"SHAW BLVD., MANDALUYONG CITY",,1,
KWIKLINE TRADING,083-552-2854,9171556542,"SANTIAGO BLVD., GENERAL SANTOS CITY",219-942-644,1,
ECCO HARDWARE INC.,083-302-1277,LEAH MANAJERO 083-552-3635 301-0066/0069,"#42 PIONEER AVE., GENERAL SANTOS CITY",000-428-792,1,
SOUTHERN UNION HARDWARE CORP.,0923-808-8921 / 083-552-6250/1,booby bucol,"I. SANTIAGO BLVD., GENERAL SANTOS CITY",000-428-921,1,
TROPICAL MOTORAMA PARTS CORP.,083-552-3525,,DOOR 2&4 ECA BLDG. GENERAL SANTOS CITY,,1,
GENSAN AURORA AUTO SUPPLY INC.,083-552-6264,9127848246,I. SANTIAGO BLVD. GENERAL SANTOS CITY,005-978-914,1,
ACRIBIL CORPORATION,(088) 856 2116,ORO FRONTIER ,DON SERGIO OSMENA ST.  CAGAYAN DE ORO CITY,112-687-424,1,
GORDIEL AUTO PARTS,09228556097 viber #,ORO FRONTIER,124 DON SERGIO OSMEÑA CAGAYAN DE ORO,,1,
MINDANAO ACE MARKETING,,ORO FRONTIER,CAGAYAN DE ORO CITY,,1,
3J MARKETING,08822-723-943,,CAGAYAN DE ORO CITY,,1,
JAPKOR AUTO PARTS,088-856-4735,,"OSMEÑA R. CHAVEZ ST., CAGAYAN DE ORO",948-856-082,1,
KWIK PARTS,532-5560,,500 SHAW BLVD. MANDALUYONG CITY,,1,
AUTO DYNAMICS SERVICE CENTER,063-223-9250,,1 HARVARD ST. CELDRAN VILL. ILIGAN CITY,,1,
(OLD)HVL ENTERPRISES & AUTO PARTS CENTER,035-422-8384,DYLANIE,"STA. ROSA ST., DUMAGUETE CITY",145-339-702,1,
YOUNGBROS PARTS CENTER,712-0210,LOCAL,64 BANAWE ST. QUEZON CITY,,1,
(OLD)BENTLEY MOTOR PARTS,,,31 PATERNO ST. GALAS QUEZON CITY,,1,
B & C AUTO PARTS,088-856-5950,,CAGAYAN DE ORO CITY,,1,
ILOILO AUTO SUPPLY,986-4278,9173030300,CORNER LEDESMA VALERIA ST ILOILO CITY 5000,939-423-432,1,
(OLD)MOLSON STATLER ENT.,415-0438,"CHE,ELVIE","58 MALAC COR. GASAN ST., MASAMBONG QC",257-277-081,1,
ILOILO 3B AUTO PARTS,033-338-3418/033-335-0172,MICHELLE threebautoparts@yahoo.com.sg,VALERIA ST. BRGY. MAGSAYSAY ILOILO CITY  ,102-268-621,1,
(OLD)PBR ENTERPRISES / P. BUANHOG,,,#30 ROAD 5 KALOOKAN CITY,,1,
JEMVIC AUTO PARTS & SERVICE - J,9275736563,,"GUWAN, ZAMBOANGA CITY",,1,
CARMINE AUTO PARTS,,,ZAMBOANGA CITY,,1,
CARMARK AUTOMOTIVE SUPPLY,415-0438,,"TOMAS CLAUDIO ST., ZAMBOANGA CITY",,1,
DENEB ENTERPRISES,991-0017,,ZAMBOANGA CITY,,1,
P & G COMMERCIAL,,,"OROQUIETA CITY, MISAMIS OCCIDENTAL",,1,
ESTAR SURPLUS,,PAMBATO,PAGADIAN CITY,,1,
JOHN SHAN MARKETING & A/S,991-4922,,"GOV. LIM AVE., ZAMBOANGA CITY",,1,
JSR ENTERPRISES,915-0328,,#22 Dona Aurora Excutive Vill. Pasig,,1,
FRESHMAN MARKETING,743-2626 / 781-,,18 UBAY ST. BRGY SHENNA QUEZON CITY,,1,
PARTSLINK ENTERPRISES,,,MANILA,,1,
YVETTE YU C/O  MICHIBA MARKETING ,9976442762,,"OSMEÑA ST., CAGAYAN DE ORO CITY",,1,
"STATE MOTOR PARTS CO., INC.",433-1682 / 83,SIR WINDEL,"GONZAGA ST., BACOLOD CITY",,1,
KIMJAN SALES CENTER,929-1642,,QUEZON CITY,,1,
J-MAC MOTOR PARTS,,,QUEZON CITY,,1,
GLOBAL CAR KLINIK,27439989,,STA. CRUZ MANILA,,1,
SAN FRANCISCO AUTO PARTS INC.,499-7347 / 033 3351109,SHERWIN,"#39 LEDESMA ST., ILOILO CITY",,1,
(OLD) AUTO SHAPE CO.,372-5243 / 373-,,QUEZON CITY,,1,
NEGROS INTERNATIONAL AUTO PARTS,9228167665,SEASTAR (034) 434 5392,RIZAL ST. LACSON BACOLOD CITY,004-245-589,1,
NEGROS PIONEER AUTO SUPPLY,(034) 433 2088,EDISON GO,"LACSON ST., BACOLOD CITY",005-431-323,1,
FOUR ACES MOTOR SALES,(034) 435-1506,JAN-JAN VICERA,"COR. RIZAL-LACSON ST., BACOLOD CITY",,1,
NEW GAMMA ENTERPRISES,(034) 709-3890,,BACOLOD CITY,,1,
NEW BACOLOD INPERIAL M/P,(034) 434-6022/ 09329094071,SEASTAR,MABINI GONZAGA ST. FRONT OF CENEKO ELECTRIC CORPORATION BACOLOD CITY,136-052-346,1,
BACOLOD SUPREME MOTOR PARTS,(034) 435-3929,,BACOLOD CITY,,1,
(OLD)BACOLOD TRUCKERS PARTS SUPPLY,(034) 433-3335 / 09475741408,,BACOLOD CITY,,1,
DENNY PARTS CENTER,034  435-2525,,BACOLOD CITY,,1,
NEW MINDANAO HARDWARE,09102954509,,SURIGAO CITY,,1,
XXXXXXXXXXELVIE ENTERPRISES-RXXXXXXXXXX,320-0585/09156840075,,"#42 BURGOS ST., LAPAZ  ILOILO CITY",,1,
"MANOR GENERAL MERCHANDISE, CORP.",337-8036,,"VALERIA EXT., ILOILO CITY",,1,
AUTO WORLD PARTS SUPPLY,09228325380 DANNY,SEASTAR/// julito,"GONZAGA ST., BACOLOD CITY",,1,
NEW TAPS AUTO SUPPLY / BENSON YU,9255016801,SEASTAR NA OK!!!!/ SOUTHSEA RAD. ASSY,"LEON KILAT ST., CEBU CITY",912-768-940,1,
AKLAN HARDWARE (COCOY),9189082037,SEASTAR 50%,"POLOMOLOK, SOUTH COTABATO",,1,
GLORIOUS AUTO SUPPLY,,,CEBU CITY,,1,
RES AUTO PARTS,337-3174,,"#30 Fancom Bldg. Quezon St., Iloilo City",,1,
YUTIAM HARDWARE / DAVID YU,711-4959/60/61/,LOCAL,"STA. CRUZ, MANILA",,1,
YEN COMMERCIAL,712-0286,,"BANAWE, QUEZON CITY",,1,
JAM MOTOR PARTS,845-1773,,505 EDSA PASAY CITY,,1,
FOXSON TRADING,525-5864,,"LEON GUINTO ST., MALATE MANILA",,1,
AC PARTS MERCHANDISENG,034-309-9213/SE,SEASTAR,BACOLOD CITY,,1,
BW PARTS CENTER,034-4337904,RICKY TABUGA ( hershey accounting  ),"LACSON GONZAGA ST,.BACOLOD CITY",,1,
BEETEC ENTERPRISES,,,"CUADRA ST., BACOLOD CITY",,1,
(OLD)PLANTERS TRACTOR PARTS SUPPLY ,033-508-6546/0917-3029576,,ILOILO CITY,,1,
BL ENTERPRISES,0906 375 8198,JOSEPH PO LIM ,Corner Quezon & Ledesma Sts. Barangay Edganzon  Iloilo City  ,122-015-282,1,
NSA PARTS CENTER,034-434-1435/6,SEASTAR 100%,"LACSON-GONZAGA ST., BACOLOD CITY",,1,
MIDLINE PARTS SUPPLY CORP.,034-434-1583,,"GONZAGA-LACSON ST., BACOLOD CITY",,1,
GALAXY MOTOR,9258693177,,LACSON ST. CORNER RIZAL BACOLOD CITY,,1,
HONGSAN AUTO SUPPLY,034-432-0170 / 034-434-2740,09173010550 JAY REY UI,"#155 LACSON ST., BACOLOD CITY",000-421-760,1,
GED TRADING,063-221-2553,,"TIBANGA HI-WAY, ILIGAN CITY",,1,
MIDWAY PARTS SUPPLY,034-435-0720,,"RIZAL ST., BACOLOD CITY",,1,
M-NEW ILOILO TRACTOR PARTS - M,,,ILOILO CITY,,1,
PRIME SOURCE GEN. MDSE.,920-6617,,"43-C FEMA ROAD, MUNOZ Q.C.",,1,
MITZU MOTOR PARTS CORP.,034-435-0675/7, SEASTAR 09173003158,"ALEX ANG BLDG.,GONZAGA ST.,BARANGGAY 25  BACOLOD CITY",,1,
ALJHENG MARKETING,,,"V. RAMA, CEBU CITY      /  SEAKING",,1,
KAT INDUSTRIAL PARTS,,,BACOLOD CITY,,1,
CEBU FORTUNE MOTOR PARTS,032-255-3253,,"ESPANA ST., CEBU CITY",,1,
OLD-RENE MARKETING & AUTO PARTS,294-5033/294-9320,SEASTAR,"MANDAUE CITY, CEBU",,1,
KING LEE ENTERPRISES,084-400-2748,,"QUIRANTE 1 ST., , TAGUM CITY",,1,
ENG AN ELECTRICAL SUPPLIES INC,740-1282 / 1286,,"221-A KANLAON ST., QUEZON CITY",,1,
SHELTON PHILIPPINES AUTO PARTS,033-337-7831/70 033-337-2638/,MAJELLA PANO,"QUEZON ST.BRGY ED GANZON, ILOILO CITY",102-268-574,1,
XXXTD MARKETING XXX,(033) 337 5997,VISA CARGO,"MIDWAY SALES CORP. BLDG VALERIA EXT. BRGY MAGSAYSAY, CITY PROPER ILOILO CITY",131-396-090,1,
IBEE AUTO PARTS,033-509-6091,,"#21 LMT BLDG. FUENTES ST., ILOILO CITY",,1,
JIB INDUSTRIAL &  AUTO PARTS,032-254-9859,PAMBATO,CEBU CITY,,1,
AUTO FLEX,,,PASAY CITY,,1,
WC MOTOR PARTS,820-2586,,8165-J DR. A. SANTOS AVE. SUCAT P'QUE,,1,
CSC KORONADAL SURPLUS & A/S,083-228-9441/23   083-228-2639,9197872512,"Roxas Street Brgy Zone Il Koronadal City ,South Cotabato",109-024-896,1,
AVL AUTO SUPPLY-R,033-320-3246/508-7926,RANDY,"JARO, ILOILO CITY",,1,
METRO PRO,364-2496 / 2416,,"# 16 SAPOLOY ST., BRGY. MANRESA Q. CITY.",,1,
STOCK TRANSFER,,,,,1,
AUTOPHIL ZONE SALES CORP (SYCAN TRADING),254-8546/40,,1131 G. MASANGKAY ST. STA. CRUZ MLA.,,1,
ARCE MARKETING,,,ROXAS CITY,,1,
SUSAN CRUZ,,,"MONTEVERDE AVE., DAVAO CITY",,1,
R & J PADLAN ENTERPRISES,064-421-4185,PAMBATO,COTABATO CITY,,1,
(OLD)SPRINTER AUTO PARTS,083-228-4055,,"KORONADAL CITY,  MARBEL SOUTH COTABATO",,1,
LCT HARDWARE,064-212363-2126,,COTABATO CITY,,1,
(old )BANLI TAN  / BLT ,,,QUEZON CITY,,1,
EDGAR LAO / CEBU SERVICE PARTS INC,032-346-8827,,MANDAUE CITY,,1,
CARTECH MARKETING,0917-704-0311,GERLIE VILLANUEVA,"STA. ANA AVE., DAVAO CITY",,1,
AUTO SPEC,711-5046,,"BANAWE, QUEZON CITY",,1,
TERMINAL DIESEL AUTO PARTS,084-2172233,,TAGUM CITY,,1,
KOKSEN AUTO PARTS,,,DAVAO CITY,,1,
DAVAO EXPRESS AUTO SUPPLY,082-227-4194,,DAVAO CITY,,1,
A & L MARKETING,,,CAGAYAN DE ORO CITY,,1,
OZAMIS YOUNG HARDWARE,9985798170,,Don Anselmo Bernard Ave. Ozamis City,,1,
DND AUTOMOTIVE COMPONENTS INC,9178289898,SIR DELFIN (jenefer},#1164 PADRE ALGUE ST. TONDO MANILA,,1,
OSAKA AUTO SUPPLY,088-521-1922,SOUTHSEA,OZAMIS CITY,,1,
BALLIN AUTO PARTS,9361852734,JADES,"SABAYLE ST., ILIGAN CITY",,1,
RBL MARKETING-M,0917-707-7943,JADES,"SABAYLE ST., ILIGAN CITY",,1,
EXCELLENT PARTS & INDUSTRIAL MARKETING,,,"RAMON CHAVEZ-OSMENA ST., CAG. DE ORO CITY",937-721-205,1,
EXL TRADING,088-856-4907ORO,,"AGORA ST., CAGAYAN DE ORO CITY",,1,
CELINE JANE AUTO PARTS,,,CAGAYAN DE ORO CITY,,1,
MBH AUTO SUPPLY,,,ILIGAN CITY,,1,
DO NOT  USE GOLDEN MOTOR PARTS/STREET KING,082-227-9152,,"STA. ANA AVENUE, DAVAO CITY",,1,
E & G AUTO PARTS & GLASS SALES CENTER,032-345-8238,,10 GK Chua Bldg. Subangdaku Mandaue City,,1,
RACE & TRAIL AUTO SUPPLY,,,"IBABAO AGOS, CEBU CITY",,1,
DAKKY AUTO SUPPLY,433-7457,,"GONZAGA ST., BACOLOD CITY",,1,
EBR PARTS & HARDWARE,,,POLOMOLOK SOUTH COTABATO,,1,
COTABATO PEOPLES PARTS & HARDWARE,,PAMBATO,COTABATO CITY,,1,
COTABATO UNION HARDWARE,,,COTABATO CITY,,1,
"YU KIAN GUAN HARDWARE CO., INC.",,,"#5 SINSUAT AVE., COTABATO CITY",,1,
METROPOLITAN HARDWARE,,,COTABATO CITY,,1,
ALBETHZON MOTOR PARTS,064-421-3373,JADES CARGO,COTABATO CITY,,1,
DIANA AUTO SUPPLY,,,DAVAO CITY,,1,
GENSAN PRIMAL AUTO PARTS,083-302-1149,,GEN. SANTOS CITY,,1,
R.L. STERLING AUTO PARTS & HARDWARE,,,GEN. SANTOS CITY,,1,
SWI AUTO PARTS & ACCESORIES,,SEAKING,"NATIONAL HI-WAY, GEN. SANTOS CITY",,1,
JEFFSTAR PARTS & HARDWARE,,,DAVAO CITY,,1,
QUICK ACCESS AUTO PARTS & HARDWARE,083-553-6018,JADES,"MANSANITAS ST., GEN. SANTOS CITY",,1,
HEBEN BRIGHTSTAR MARKETING,,,"SANTIAGO BLVD., GEN. SANTOS CITY",,1,
HYB PARTS & HARDWARE,082-2984994,,"ULAS, DAVAO CITY",,1,
ARRENAR TRADING,365-0796 (ARMEN,,"23-A MAYIMO VIOLA ST., BALINGASA, Q.C.",,1,
COTABATO JOHN AUTO PARTS,,,COTABATO CITY,,1,
"R- POWER-UP TIRE , BATT. & A/S ",084-217-3431,RANDY MALAGAO,"TAGUM CITY, DAVAO DEL NORTE",,1,
MF AUTO PARTS,,,CAGAYAN DE ORO CITY,,1,
KARMELCON AUTO PARTS,712-5518,,QUEZON CITY,,1,
TRUE FORCE,,,QUEZON CITY,,1,
GOODWISH ENTERPRISES,,,"CARMEN, CAGAYAN DE ORO CITY",,1,
GOLDEN MOTOR PARTS,221-3580,,"43 A & B VILLA ABRILLE, DAVAO CITY",,1,
UNISON MOTORS,,,"TAFT AVENUE, PASAY CITY",,1,
UNI-PARTS MKTG.,,,"# 1970 CALATAGAN ST., PALANAN MAKATI",,1,
HSIANG CHIRS AUTO PARTS,412-9898,,"# 17 D. CARDIZ ST., COR. BANAWE Q. CITY",,1,
ICHIBAN MOTOR PARTS,732-1770,,"# 09 BANAWE ST., QUEZON CITY",,1,
RO-JEAN AUTO SUPPLY,063-496-0194,,"Maranding Lala, Lanao del Norte",,1,
OLH PHIL.,,,"COUNTRY VILLAGE, CAG. DE ORO CITY",,1,
MILLERS HARDWARE,733-6160,,# 716 FLORENTINO TOREES ST. MLA.,,1,
NIPPON ILOILO AUTO SUPPLY,,,ILOILO CITY,,1,
MR.WARREN YU,9228416786,,DAVAO CITY,,1,
MR. RANDY MALAGAO,9328855722,9328855722,905A AKLAN ST. DAVAO CITY,,1,
TABUNOK BOLT CENTER,273-6935,MGMM CARGO,"BULACAO, TALISAY CITY, CEBU",,1,
TIO AUTO PARTS SUPPLY,,,OZAMIS CITY,,1,
BEA'S AUTO PARTS,,,CAGAYAN DE ORO CITY,,1,
B & C AUTO PARTS,,,OZAMIS CITY,,1,
FGN AUTO SUPPLY,,,ILOILO CITY,,1,
OLD-KIMASIA MERCHANDISING,,,"SOLER ST., STA. CRUZ MANILA",,1,
MELBERT MARKETING,0926-7495557,,ILOILO CITY,,1,
DPJ AUTO SUPPLY,,,ILOILO CITY,,1,
LONGWAY PARTS MERCHANDISENG,,,BACOLOD CITY,,1,
AUTO BUFF,,,"BANAWE, QUEZON CITY",,1,
(OLD)EX-MANILA,,,MANILA,,1,
MESACO,,,MULTI,,1,
FEDERAL CHEM,,,QUEZON CITY,,1,
PREVIA AUTO PARTS,082-2213132,SEAKING,DAVAO CITY,,1,
R-HK MOTOR PARTS SUPPLY ,329-1538,SEASTAR,"JARO, ILOILO CITY (09229694853)",,1,
KARPLUS,841-0470,,MALUGAY ST. MAKATI CITY,,1,
MULTILINE,,,BANAWE,,1,
ULTRA CAR CENTER,,,ILOILO CITY,,1,
777 AUTO SUPPLY,,,"BF HOMES, PARANAQUE CITY",,1,
MM-TBA MARKETING,9228894322,leslie,"GUERRERO ST., DAVAO CITY",,1,
STAREX MOTOR PARTS,225-1584,SEASTAR,DAVAO CITY,,1,
BLUE WATERS AUTO PARTS,300-8597,,"573-3 J.P. LAUREL AVE., DAVAO CITY",,1,
ROXAS SURPLUS CENTER & GEN MDSG,9173121716,lawaangardenhotel@gmail.com /// ap cargo 00033316,"BRG. LAWAAN, ROXAS CITY (400-7508) ",102-221-388,1,
DAVAO CATHAY PARTS & HARDWARE,289-4977,,"R. MAGSAYSAY AVE., DAVAO CITY",,1,
TONG MERCHANDISENG & A/S,,,ZAMBOANGA CITY,,1,
TABEL ENTERPRISE AUTOMOTIVE PARTS,038-411-2957,PAMBATO,"J. VISSARA ST., TAGBILARAN CITY",,1,
HOCKSON A/S,254-9032,,1137-C CM RECTO AVE. STA. CRUZ MLA.,,1,
BUTUAN EXPRESS HARDWARE,,,DAVAO CITY,,1,
WILLIAM AUTO SUPPLY,336-2320/508-65,,"VALERIA EXT. ST., ILOILO CITY",,1,
DELIMA AUTO SUPPLY,9228711986,09228711986 JAIME,"PAJO, LAPU-LAPU CITY (340-1255/56)",,1,
NIKKO INDUSTRIAL PARTS CENTER,9238010715,,BACOLOD CITY,,1,
"JOESONS COMMERCIAL CO., INC.",9257222654,ORO FRONTIER,"OSMEÑA, CAGAYAN DE ORO CITY",,1,
RVB AUTO SUPPLY,,,"MONTEVERDE ST., DAVAO CITY",,1,
BUTUAN BRAKE CENTER,9228703027,,"LANGIHAN ROAD, BUTUAN CITY",,1,
BIG O'S TIRE CORPORATION,532-5560,,"500 SHAW BLVD., MANDALUYONG CITY",,1,
SIMEON YU,9228344318,9426125750,246 A. DEL ROSARIO ST. MATUYONG MANDAUE CITY,,1,
JUDITH GARCIA,,,ANTIPOLO CITY,,1,
PANABO ADENTORES AUTO SUPPLY,,SEAKING,"453-A VILLA ABRILLE ST., DAVAO CITY",,1,
HARVARD MERCANTILE INC.,361-9872,,KALOOKAN CITY,,1,
EXTENSIVE COMMERCIAL,,,"REGIDOR  STA. CRUZ, LAGUNA",,1,
EXCEL LANCE MARKETING,,,MANDAUE CITY,,1,
RENAR MARKETING -09058086331,088-855-6229,SEASTAR,"BUGO, CAGAYAN DE ORO CITY",,1,
315 AUTO PARTS SALES,032-268-9081,SEASTAR,"LABOGON, MANDAUE CITY, CEBU",,1,
"BIG ""R"" AUTO PARTS & ACCESORIES",,,POLOMOLOK SOUTH COTABATO,,1,
FELIX NG,,,MANILA,,1,
JE AUTO PARTS,0917-707-9882,,"GUSA HIGHWAY, CAGAYAN DE ORO CITY",,1,
MINERVA TIRE HAUS,,,"CALAMBA, LAGUNA",,1,
ILIGAN SMA TRADERS INC,(063) 221 1212,JADES CARGO,SABAYLE ST ILIGAN CITY LANAO DEL NORTE,010-148-283,1,
SUPER SAVERS AUTO SUPPLY,,,CAVITY,,1,
323 AUTO PARTS CENTER,,,BACOOR CAVITE,,1,
MINERVA TIRE GALLERY,,,ALABANG TOWN CENTER,,1,
MINERVA SALES CORP.,,,"BINAN, LAGUNA",,1,
G-3 SUPPLY & MARKETING,9174633237,,"STA. ANA AVE., DAVAO CITY",,1,
JUN ESCANO,,, QUEZON CITY,,1,
HNR AUTO SUPPLY,,,"BACOOR, CAVITE",,1,
JAEFER CONSTRUCTION SUPPLY,,,"G. ARANETA, QUEZON CITY",,1,
GGD DISTRIBUTION,GEORGE GORDIEL,,CAGAYAN DE ORO CITY,,1,
ADI CRUZ,,,MAKATI,,1,
KENJI 59 AUTO PARTS,09266949140,,CAGAYAN DE ORO CITY,,1,
BNW AUTO SUPPLY,,,"MOLINO, BACOOR CAVITE",,1,
ACE LOGISTICS INC.,788-0760/62,,"SUNBLEST COMP. CUPANG, MUNTINLUPA",,1,
CEBU DALTAN AUTO SUPPLY,,,MANDAUE CITY,,1,
CEBU ELECTRO MARKETING,262-2308/261-95,,"MAMBALING, CEBU CITY",,1,
DNE INDUSTRIES INC.,,,"# 495 V. RAMA AVE., CEBU CITY",,1,
RAJ HIGH SERIES,300-5118,SEAKING,153 LIM BLDG. J.P LAUREL AVE. DAVAO CITY,,1,
ORMOC EVERGREEN TRADING,053-561-6010,SOUTH SEA,LILIA AVE. COR.F. ABLIN COGON ORMOC CITY,919-713-222,1,
STIVY PARTS CENTER,283-6894,SEAKING,DAVAO CITY,,1,
0LD-JOHNNY AUTO SUPPLY,083-228-8222,,"A. MORROW ST., KORONADAL CITY (228-9821)",,1,
"H.E. HARDWARE, AUTO & FISHING SUPPLY",552-6123 / 8615,SEAKING,SANTIAGO BLVD. GENERAL SANTOS CITY,,1,
M-DADIANGAS AUTOWORLD PARTS,083-554-1904,,GENERAL SANTOS CITY,923-325-139,1,
MULTIMOTORS A/P,,,BANAWE,,1,
BUILT-N SUPPLY ENT.,083-228-6088/54,,ROXAS ST. KORONADAL CITY,,1,
MARBEL JN AUTO PARTS,,,"GENSAN DRIVE , KORONADAL CITY",,1,
COTABATO MIXED PARTS,,,COTABATO CITY,,1,
JOJO,831-5072,,MAKATI,,1,
CEBU ADVANTECH,032-418-4854,,"PANGANIBAN ST., CEBU CITY",,1,
ASTRON SALES CENTER,,DJ CARGO,"# 647 CLAUDIO ST., ZAMBOANGA CITY",,1,
WINTERPINE MARKETING,715-6366,,"#118 G. ARANETA AVE., 2ND LEVEL CK BLDG.",,1,
DEBEST,771-2104,,"ALABANG, MUNTINLUPA CITY",,1,
LIWAYWAY MARKETING,,,# 227 FLORENTINO ST. PASAY CITY,,1,
EVOLUTION,716-1248,,"# 361 ARANETA AVE., QUEZON CITY",,1,
IKE AUTO SUPPLY,033-523-9468,,"STA. BARBARA , ILOILO CITY",,1,
AUTOZONE,813-8991,,"2256 CHINO ROCES AVE., MAKATI CITY",,1,
XXXXXXXXXXXXXXXXXXXXXXXXCAR'S GENERAL MERCHANDISE,,,"HINIGARAN, NEGROS OCCIDENTAL",,1,
NEW PIN'S AUTO SUPPLY,034-4349349,SOUTHSEA,BACOLOD CITY,,1,
GOODRICH,716-4831/4833,,"11 A&B G. ARANETA AVE., QUEZON CITY",,1,
KING'S MULTIPARTS XXXXXXXXXXXXX,032-268-8443,,MANDAUE CITY,,1,
HI-TECH MOTOR PARTS,9228700454,,ORMOC CITY,,1,
"ANSON AUTO SERVICE CENTER, INC.",892-2212 / 14,,"A. ARNAIZ AVE., COR. WEST DRIVE, MAKATI",,1,
PAYLESS SERVICE CENTER,376-5772,,LIBIS QUEZON CITY,,1,
GBM SURPLUS CENTER & AUTO PARTS,856-3739/0997-318-5203,,"#246 R. CHAVEZ ST., CAG. DE ORO CITY",,1,
CAR TRUCK PARTS,,,VALENCIA BUKIDNON,,1,
NEGROS AUTOZONE MOTOR INC.,034-4336180,ENRIQUE GO JRS=JELLY GICAR,"LUZURIAGA EXT.,RECLAMATION AREA BACOLOD CITY",416-982-892,1,
DAVAO ESB AUTO SUPPLY,,,DAVAO CITY,,1,
FRONT CENTER,,,LAS PINAS CITY,,1,
EEP AUTO PARTS,(RENAR MKTG. BR,,"GUSA HI-WAY, CAGAYAN DE ORO CITY",,1,
FIVE STAR MOTOR PARTS CENTER,9225147727,,"RIZAL AVE., OZAMIS CITY",,1,
J-LAN  PARTS,063-221-3711,,"CAMAGUE HI-WAY, ILIGAN CITY",,1,
DAISHIN AUTOMOTIVE COMPONENTS INC.,082-305-29700,,STA. ANA DAVAO CITY,,1,
ROBERT'S HARDWARE & A/S,064-288-1648,PAMBATO,KIDAPAWAN CITY,,1,
BERNIE MORILLA,,,C/O YOUNGBROS PARTS CENTER,,1,
REECE AUTO PARTS,,SOUTH SEA,CAGAYAN DE ORO CITY,,1,
ORO SOLID HARDWARE INC.,703-1026/088-85,,CAGAYAN DE ORO CITY,,1,
DAVAO PARTSMAN SALES CORP.,9421230804,JESSA TIN# 005-816-537-000,CHAVEZ ST DAVAO CITY,005-816-537,1,
MONLLER ENTERPRISES,,,,,1,
EUROPA PARTS  & ACC.,9175060066,GEOFFREY ONG,21 ABANAO CORNER SHAGEM ST. BAGUIO CITY,,1,
ANDYSON AUTO SUPPLY,,TOP GUN,DAGUPAN CITY,,1,
VALERIA HP MOTOR PARTS,033-3370316/ (0908-8910745),SEASTAR,"Valeria Extension, Iloilo City Proper, Iloilo City, Iloilo",,1,
ONGKING AUTO SUPPLY,,,BAGUIO CITY,,1,
4G AUTO PARTS,9176564521,SOUTHSEA,"SERVANTES PINILI ST., DUMAGUETE CITY",,1,
PARTNERS AUTO SUPPLY,,,BAGUIO CITY,,1,
PYEZA PARTS DEPOT INC.,,SEASTAR,SUBANGDAKU MANDAUE CITY,,1,
KGB AUTO SUPPLY,LUIGIE,,"TABACO CITY, ALBAY",,1,
BASIC SUSPENSION PARTS ,9258246888,MAM. ALEXIS,CEBU CITY,,1,
ONGSKIE AUTO SUPPLY,054-473-2818,,NAGA CITY,,1,
NEGROS UDC SURPLUS CENTER,034-4321847,SEASTAR,BACOLOD CITY,,1,
SUPER AA AUTOMOTIVE INC.,082-227-8882,accounting@superaa.com 082-321-8888 /082-233-9048,"MONTEVERDE ST., DAVAO CITY",409-175-997,1,
BACOLOD PARTS TRADER,,SEASTAR 50% dodong,"GONZAGA ST., BACOLOD CITY",,1,
LIR AUTO SUPPLY,,,TARLAC CITY,,1,
ADK SALES AND SERVICE,078-844-9328,VICTORY,"131 Balzain Hi-way, TUGUEGARAO CITY",,1,
NEXGEAR AUTO PARTS,9177020021/(082) 221 4440,MANILA OFFICE,"75 B & 77, Carmam Building, Sta. Ana Avenue, Poblacion District, Davao City",,1,
MARK NELSON AUTO SUPPLY,LUIGIE,,TUGUEGARAO CITY,,1,
JESA MOTOR PARTS,,,ILOILO CITY,,1,
(OLD)ZC 3 IN 1 ENTERPRISES,9326744766,POWER EXPRESS,"VETERANS AVE., ZAMBOANGA CITY",,1,
NJF CLUTCH BRAKE & A/S,296-9912,SEASTAR,"#569 BANGKAL, DAVAO CITY",,1,
GALAXY AUTO PARTS CORP.,9228215598,JUVY,"SANTIAGO BLVD., GEN. SANTOS CITY",003-049-384,1,
DYPO AUTO PARTS,9173184668,,BACOLOD CITY,,1,
C.BROS GENUINE AUTO PARTS & ACC.,054-472-08-71,rose,NAGA CITY,,1,
EER AUTO SUPPLY,9224939634,,EER BLDG . ML TAGARAO ST.LUCENA CITY,,1,
JAPI FUEL STATION & CAR CARE,,,"CAUGAYAN CITY ,ISABELA",,1,
L.U.PIONEER,,,"SAN FERNANDO CITY.,LA UNION",,1,
APC CAR CARE CENTER,,NEW SOLID,TUGUEGARAO CITY,,1,
CARCESSORIES ZONE,,,NAGA CITY,,1,
JARMO SALES,,,TUGUEGARAO CITY,,1,
DBO AUTO PARTS,9328855722,,BACOLOD CITY,,1,
DENSO AUTO PARTS,09947997870 (082) 221 4066,227-1911/227-5998/221-4066,"J.P. Laurel Ave, Agdao, Davao City",,1,
DAVAO TOYOZU INC,9239306803,JANE toyozu@yahoo.com 09355211187,"130-A MONTEVERDE , DAVAO CITY, DAVAO DEL SUR",000-075-040,1,
SURALLAH CSC AUTO SUPPLY  BRANCH,238-5060,SEASTAR,"SURALLAH, SOUTH COTABATO",,1,
JEFWEL AUTO SUPPLY AND CAR ACCESSORIES,0918-985-5360,seastar/ 09688613077,"RAMON CHAVEZ ST, CAGAYAN DE ORO CITY",279-666-086,1,
HI-TECH BATTERY & TIRE SUPPLY,9336134550 / 083-552-7447,,SANTIAGO BLVD.GEN. SANTOS CITY,168-437-994,1,
ALBERT REYES,,,"16 MANALO ST., SFDM, QUEZON CITY",,1,
AUTOTRAK AUTO PARTS SUPPLY,,,"552-B M.J. CUENCO AVE., CEBU CITY",,1,
DAVAO IKKIN CAR CARE CENTER,082-221-2981,,"D Suazo, Davao City",,1,
ECOHUB CAR SERVICES AND PARTS CORP. ,9650889783,SEASTAR  GSC ECOPARTS 083-552-0423/0424,ECA BUILDING NATIONAL HIGHWAY CITY HEIGHT 9500 CITY OF GENERAL SANTOS SOUTH COTABATO PHILIPPINES ,000-428-792,1,
SANKING ENTERPRISES,9228607697,SEASTAR,DAVAO CITY,,1,
5 STAR AUTO SUPPLY,,PINES TRUCKING,"URDANETA CITY, PANGASINAN",,1,
TAGUM GOLDEN AUTO SUPPLY,084-218-3789,SEASTAR,"PIONEER AVE., TAGUM CITY (218-4180)",,1,
(OLD)A.M. GOLDEN AUTO PARTS,0917-7034288,PAMBATO,"Cor.J. Aquino & R.Calo st., Butuan Cit y",,1,
TONGSON AUTOMOTIVE SUPPLY,,,"#1036 Benavidez St., Binondo Manila",,1,
CDO MOTOR TRADERS AUTO SUPPLY,9228224913/09177170084,KIMGOLD," Osmeñia Extension, Barangay 26, Cagayan de Oro, 9000 Misamis Oriental",,1,
TM MARANDING AUTO PARTS INC - C,088-852-1481,,GUERRERO BLDG OSMENA STG BRGY 24 9000 CAGAYAN DE ORO CITY MIS OR. PHIL ,683-507-252,1,
YASCO MOTOR PARTS CORP ( MANDAUE CITY ),032-422-9176/77,TEODORO CANONO,"534 North National Highway , North Road Basak, Mandaue City Cebu ,Phil.",004-268-535,1,
ARFLOR MARKETING & A/S,9174633237,SOUTHSEA,DIGOS CITY,,1,
JOCRIS AUTO PARTS,,,"C/O DBO AUTO PARTS, BACOLOD CITY",,1,
HRN AUTO SUPPLY,9228700454,,ILOILO CITY,,1,
AUTOZONE ENTERPRISES,,seasTAr,CAGAYAN DE ORO CITY,,1,
SUMMIT AUTO PARTS,,,"CARMEN, CAGAYAN DE ORO CITY",,1,
IKI AUTO PARTS,,,DIPOLOG CITY,,1,
ELZE A-ONE AUTO SUPPLY,065-2122455,,092 QC AVE.MIPUTAK DIPOLOG CITY,,1,
HARRY'S PERFORMANCE CENTER,,,DAVAO CITY,,1,
GENERICS PARTS SUPPLY,LINO,9331817457,GEN. SANTOS CITY  ,,1,
CEBECO CLUTCH BRAKE PARTS,,,COTABATO CITY,,1,
CPS CLINIQUE ENTERPRISES,082-226-3936,,"JUAN DE LA CRUZ ST., DAVAO CITY",,1,
HOKAIDO AUTO PARTS,,,DUMAGUETE CITY,,1,
JUSTMAT ENTERPRISES,9228700454,,BACOLOD CITY,,1,
MLB AUTO SUPPLY,,,"SAN JOSE GUSU, ZAMBOANGA CITY",,1,
ERM MOTOR PARTS,,,ZAMBOANGA CITY,,1,
JANUS MARKETING,9228657169,,DIPOLOG CITY,,1,
JONGSKIE AUTO PARTS,,,DAVAO CITY,,1,
TASSIE & KATH INT'L SALES,,SEASTAR 50%,"BUHANGIN, DAVAO CITY",,1,
S & M HYDRAULIC & AUTO SUPPLY,09206223251,,DIPOLOG CITY,,1,
XXX*SPARKS AUTO SUPPLY  XXXX,088-852-0337,seastar,RAMONAL CHAVEZ ST.CAGAYAN DE ORO CITY,,1,
TRU-PARTS ENTERPRISE,(088) 856 7688,ORO FRONTIER,"Osmena St, Cagayan de Oro, 9000 Misamis Oriental",,1,
RITZMONCAR AUTO PARTS,9265870240,GUZMAN FREIGHT,#1145 Jake Blvd. ST BARANGAY MALABANIAS Angeles City Pamapanga 2009,,1,
CENTROPARTS AUTO SUPPLY,075-653-0328,,"Nat'l Road, Bari, Mangaldan, Pangasinan",,1,
ORO ISUPARTS AND SURPLUS,0926-702-9825,seastar,OSMENA STREET CAGAYAN DE ORO CITY,937-721-205,1,
STARPARTS DIST.,032-255-7680,9279947109,"393A V,GULLAS ST, CORNER LAPU-LAPU ST. STARPARTS BUILDING CEBU CITY.",,1,
MARIPOSA ENTERPRISES,,,URDANETA CITY,,1,
STREET KINGS AUTO SUPPLY,222-6556,SEASTAR,"STA. ANA AVE., DAVAO CITY",,1,
TIMBERLAND MOTOR PARTS COMPANY,244-1935,8-364-0016,"1019 Benavidez St.,Binondo Mla.",,1,
FJK AUTO SUPPLY & GEN. MDSE.,(083)238-3338,,TACURONG CITY,,1,
ALBERT CAOILE,,,PARANAQUE CITY,,1,
JOEL TAN,# 0922-8371173,,GEN. SANTOS CITY,,1,
02 ZONE C/O AUDRIE LIM,9177180500,,LA SUERTE BLDG BERNAD SUBD.OZAMIS CITY,,1,
Z CARTRUCK PARTS & MARKETING,9264379092 / 088-828-2380,,"DOOR 4 PUROK 2 SAYRE HIWAY, narosa building BARANGGAY POBLACION VALENCIA CITY, BUKIDNON",,1,
BRITTE SEE BRYANT MILLING,09234097817,,CARANGAN OZAMIS CITY,,1,
DLCC AUTO SUPPLY,,,BACOLOD CITY,,1,
JERIC AUTO SUPPLY,225-4683,,"STA. ROSA ST., DUMAGUETE CITY",,1,
STAREX MOTOR PARTS,,SEASTAR,TAGUM CITY,,1,
GSC TSB AUTO SUPPLY CORP.,083-552-2315,TSB_GSC@YAHOO.COM / 50% SALES INVOICE 09277128649,I. SANTIAGO BLVD. DADIANGAS SOUTH GENERAL SANTOS CITY  GSC TSB AUTO SUPPLY CORP.,268-145-079,1,
TAN TONG SING,,PAMBATO,PAGADIAN CITY,,1,
CDO CHAMPION CORP.,9368482414,FORMER CHAMPION CLUTCH LINING,CAGAYAN DE ORO CITY,,1,
(OLD)VICENTE ENTERPRISE-C,,PAMBATO,"156 ALANO ST., PAGADIAN CITY",,1,
NBS TRADING,221-5614,JADES,ILIGAN CITY,,1,
JOWELLE'S AUTO PARTS,,,"CAUAYAN CITY, ISABELA",,1,
CANADIAN  AUTO SUPPLY,9228416787,,"590-E QUIRINO AVE., DAVAO CITY",,1,
ROBBINS AUTO PARTS,088-856-2575,ORO FRONTIER,"OSMEÑA ST., CAGAYAN DE ORO CITY",,1,
AIDAN MARKETING /JOBU TRADING INC.,0917-625-3360,032-346-8109,7A MAYON ST. SINGSON VILLAGE MANDAUE CITY,202-074-557,1,
(OLD)TWR MOTOR PARTS,724-0756/726-6081/88,,"# 187-4 N. DOMINGO ST., SAN JUAN MM.",,1,
GOODWILL COMMERCIAL INC. (VALENCIA GOODWILL COMMERICAL INC),088-222-3337,0955-2871313 ronie / 0916-197-1608 sheryl,"Sayre Highway, Valencia City, Bukidnon",005-205-856,1,
CATHERINE GAN,9228601961,,18 Ruby st. cor Emerald st. RGA village  brgy Gov. ponciano bangoy Davao city,,1,
NEW NISMAN COMMERCIAL CORP.,245-8599,"ELLA, JR","1042 G. Masangkay St., Binondo, Manila",,1,
JHAM AUTO PARTS,9328758399,,DUMAGUETE CITY,,1,
AKYIT AUTO PARTS,,,ILOILO CITY,,1,
ZAP AUTO PARTS,9228700454,SOUTHSEA,BACOLOD CITY,,1,
MYCARR MOTOR PARTS,,,PASAY CITY,,1,
SISON PUA,,,"531 Asuncion St.,  Binondo Manila",,1,
MIYACO AUTO SUPPLY INC,082-221-3961/62,ESTER SARUSA,98 LM GURERRO ST. DAVAO CITY,003-053-349,1,
OLD-KJE AUTO PARTS - C,,SEASTAR,"DELGADO ST., ILOILO CITY",,1,
MR.OLIVER LUCAS,,,DAVAO CITY,,1,
SAFARI LAND,,,MANILA,,1,
GEMINI PARTS CENTER (MANDAUE),,,"SA BLDG., PLARIDEL ST., MANDAUE CITY",,1,
JDK SPARE PARTS,0932-8439928,,DIPOLOG CITY,,1,
JESONS AUTO SUPPLY,062-993-1359,,"GOV. LIM AVE., ZAMBOANGA CITY",,1,
GENSAN ULTIMATE A/S & HDWE  INC.,0922-8384484,,"SANTIAGO BLVD., GENERAL SANTOS CITY",,1,
MALEX AUTO SUPPLY,9228855830,RIZAL JORDAN,GUIMARAS(ILOILO CITY),,1,
SOUTHWORLD ENT.,822-1096,SEASTAR,GEN. SANTOS CITY,,1,
NEW JAPAKOR CAR ACCESORIES,9233210566 /(034)707-7045,MAM TESS ,2359 CL MONTELIBANO AVE. BACOLOD CITY  ,415-136-817,1,
(OLD)CRISOTO TAN ,9177079882,SEASTAR,19A JASMIN ST. CARMEN CAGAYAN DE ORO CITY,,1,
(OLD)ZAMBOANGA MOTOR PARTS-C (OLD),9177079882,PAMBATO,PAGADIAN CITY,,1,
JLM AUTO PARTS,,SEASTAR,PANABO CITY,,1,
M-DAVAO TUSCAN PARTS,084-823-4136 /09109309118,EN-EN 938-094-366-000/EMERLYN_VILLAESTER@YAHOO.COM,PANABO CITY,,1,
PANTHER ASIA CORP.,"831-831,525-513",,1972 TAFT AVE.PASAY CITY,,1,
HI-12 APP. CENTER,0917-716-20-84,,ILIGAN CITY,,1,
L.I.R AUTO PARTS,,,TARLAC CITY,,1,
(OLD)A.Y BUTUAN AUTO SUPPLY,9177079882,MATATAG,BUTUAN CITY,,1,
LAURENCE AUTO PARTS,09428003119,,RIZAL AVE. OZAMIZ CITY,,1,
UNITRUST ELECTRONICS,9206659066,JADE CARGO,OZAMIZ CITY,,1,
JIK AUTO SPARE PARTS,908-2530,,QUEZON AVE. DIPOLOG CITY,,1,
DAVAO SKY MKTG.,822263374,,VILLAMOR ST. DACUDAO DAVAO CITY,,1,
GILBERT CASTILLO,,,"BALANGA.,,BATAAN CITY",,1,
JESS SIONG,,,777 ST.MANDARIN SQUARE BINONDO MLA.,,1,
A.Y MARKETING,475-94-18,,710 RISING SUN VILL.ANDREW ST. BAESA Q.C,,1,
JARVIS AUTO PARTS (OLD),,,VALENCIA CITY,,1,
DANNY  FERNANDEZ / KURT'S AUTO SUPPLY,,,"BALANGA ., BATAAN CITY",,1,
CENTER LINK PARTS,0932259160,,CHAMPACA COR.RAMBUTAN ST. GENSANTOS CITY,,1,
MANDAUE TRUST MKTG. A/S & CORP,9228299400,JERLYN,LOPEZ JAENA ST. SUBANGDAKU MANDAUE CITY,431-783-481,1,
(OLD)GEAR UP AUTO PARTS/ ACCESORIES,9264133966,,ALBERT MARROW ST. KORONADAL CITY,,1,
BRIXTON MOTOR PARTS,9257090684,,BACOLOD CITY,,1,
A-HAM,,,,,1,
APOLLO AUTO SUPPLY,9778172224,TOP ONE LOGISTIC,ILOILO CITY,,1,
KALINGA HARDWARE & AUTOSUPPLY,9269229304,,DAGUPAN WEST TABUK CITY KALINGA,,1,
CARLITOS AUTO SUPPLY,09228641800,,"DAGUPAN POBLACION TABUK,KALINGA",,1,
JOGILS AUTO SUPPLY,9399162317,,NATIONAL HIGHWAY SOLANO NUEVA VIZCAYA,,1,
JRT AUTO SUPPLY,9261290053,,"ALIBAGU ILAGAN CITY, ISABELA",,1,
MMM EMISSION TESTING/ EARLWOOD TAN,,,TAYUMAN COR. ALMEDA ST.,,1,
JR GAISANO,,,2341 MAKOPA ST. DASMARIÑAS VILL.MAKATI,,1,
AKAYA,,,STA.CRUZ MANILA,,1,
ALBEA AUTO PARTS,,SEASTAR,DAVAO CITY,,1,
GOLD MARK ( ILOILO ) PARTS CENTER,,,ILOILO CITY,,1,
OPAL AUTO PARTS-C  CLOSE NA ,9424082721,ORO FRONTIER,CAGAYAN DE ORO CITY,,1,
HAI ENTERPRISES/ HOLD ACCOUNT,(075) 566-7042,,# 7 CABALLERO ST.POZZORUBIO PANGASINAN,,1,
SUNHUAT AUTOMOTIVE INT. PARTS CORP,,,PARAÑAQUE CITY,,1,
JAMN AUTO SUPPLY,9494048786,PINES TRUCKING,"KIAS., BAGUIO CITY",,1,
5 SISTER HARDWARE & GEN. MERCHANDISE,,CALICA TRUCKING,# 4 MAGSAYSAY LOAKAN BAGUIO CITY,,1,
MMA AUTO PARTS,9327796159,BOSS MARK OWNER,PAG-ASA VILLAGE BRGY. MABUHAY RD. GENERAL SANTOS CITY,,1,
BRITTE SEE BRYANT MILLING CARANGAN,09234097817,,OZAMIZ CITY,,1,
CJJ AUTO SUPPLY,09168992929,,MAGSAYSAY TABUK CITY,,1,
KUYA GIL ACCESORIES,9182471136,PINES,"#10 PUROK SAJO,LOAKAN PROPER BAGUIO CITY",,1,
DORIASHIELD AUTO GLASS ACCESORIES,9086383588,PINES,CAMP 8 BAGUIO CITY,,1,
ORO J AUTO PART ,9424082721,SEASTAR ,PADILLA ST. SILAY CITY NEGROS OCCIDENTAL,,1,
ZCENTE AUTOPARTS,,HILTOR/SEASTAR,ILO ILO CITY,,1,
JARVIS AUTO SUPPLY,9258778189,SEASTAR/BOYET,SAYRE HIGHWAY POBLACION VALENCIA CITY,,1,
RPM AUTO SUPPLY,9178719836,KING HARRY,CANDON ILOCOS SUR,,1,
AMEGA AUTO SUPPLY,9297938559,S & V TRUCKING,CANDON ILOCOS SUR,,1,
FLR AUTO SUPPLY,0919-5666519,,"BATAC, ILOCOS NORTE",,1,
MALVAROZA ENTERPRISES,032-4952393,SSTAR 50%,OPON LAPU LAPU CITY,,1,
MARK YANG,9176274289,,"BBQ king grill   D 14 hi strip one circumferential road, Brgy villamonte   Bacolod city",,1,
SUPER K MARKETING,9228700454,SEASTAR,GEMPESAW ST. DAVAO CITY,,1,
GRAND CITY,579-2675,J.LIM TRUCKING,"SAN FERNANDO CITY., LA UNION",,1,
WIN WEL AUTO SUPPLY,,PINES TRUCKING,AE 201 WEST BUYAGAN LA TRINIDAD BENGUET,,1,
GANA AUTO SUPPLY,253-5308,,"CABA., LA UNION",,1,
NIQ AUTO SUPPLY,,,KM 6 LA TRINIDAD BENGUET,,1,
RALK/PICOLANDIA AUTO SUPPLY,,,PICO LA TRINIDAD BENGUET,,1,
LEA AUTO SUPPLY,888-3376,,TAGUDIN ILOCOS SUR 09213486168,,1,
RPM AUTO SUPPLY,9175994519,KING HARRY,"BANTAY ., ILOCOS SUR",,1,
ERIC F. SIAO,9164097974,,176  BRGY MAHAYAHAY ILIGAN CITY,,1,
JR PADLAN AUTO PARTS,,,DACERA  AVE.MABUHAY ROAD GEN.SANTOS CITY,,1,
MITSU CAR,,,NAGUILLIAN RD. BAGUIO CITY,,1,
FAITH A/S,,,#87 NAGUILLIAN RD. BAGUIO CITY,,1,
GM AUTO PARTS,09298722275/09258791528,JOEL Q. RUALES,QUIRANTE 1 ST.TAGUM CITY DAVAO DEL NORTE,,1,
TITANS AUTO PARTS,9217604141,,"TETAN,ZAMBOANGA CITY",,1,
FERNANDO RABANES ,0917-625-3360,,7A MAYON ST. SINGSON VILLAGE CEBU CITY,,1,
REDSCREW  RESTORATION ROSAM DAILY EXPRESS,,,NAGA CITY,,1,
DELITE COMMERCIAL,,,DUMAGUETE CITY,,1,
(OLD)DYTEBAN HARDWARE & AUTO SUPPLY,(085) 341 5255,,"E. LUNA & LOPEZ JAENA ST., BUTUAN CITY",,1,
AUTO PLUS,,,BOKAWKAN RD. BAGUIO CITY,,1,
PIPOY AUTO SUPPLY,0946-929-4983,LUJG,ROSARIO LA UNION,,1,
OLYMPIA AUTO SUPPLY,9215564265,MANILA OFFICE (ARANETA AVE.) MALAPIT KAY CELICA,GONZAGA ST. BACOLOD CITY,,1,
Unknown,,,,,1,
XXXXXXXXXXWEST COST MULTIPARTS C/O KING MULTIPARTS XXXXXXXXXXXXXXX,,SEASTAR,MANDAUE CITY,,1,
MR.WILSON YEUNG,,,DAVAO CITY,,1,
ASHLEY AUTO SUPPLY,,SEASTAR,DIGOS CITY,,1,
LUBCO MARKETING COMPANY,552-4502,,#42 PIONEER AVENUE GEN. SANTOS CITY,,1,
EDISON TAN,,,,,1,
NIPPON EXPRESS,,,,,1,
KIM SY,,,,,1,
ANTONY-CHARLES KENT AUTO PARTS,282-4422 / 285-0672 / 09188987898,SEASTAR,DOOR 1 & 2 YT BLDG. GEMPESAW ST DAVAO,,1,
PERSONAL CARS,,,,,1,
DAK AUTO SUPPLY,,,BACOLOD CITY,,1,
JOCRIS MOTOR PARTS,,,"KABANKALAN CITY, NEGROS OCC.",,1,
MOTIVE TRADE CENTER,0917-8088888,,ALBANO ST. SUBANGDAKU MANDAUE CITY CEBU,,1,
RFQ AUTO REPAIR SHOP,364-5555/352-55,DIWATA,"FERGUSON ROAD, BAGUIO CITY",,1,
MONG AUTO SUPPLY,,PINES,"CAMP DANGWA, LA TRINIDAD BENGUET",,1,
SERVICE CENTER,,,,,1,
TRIPLE R REPAIR SHOP,,,CAMPO SIOCO BAGUIO CITY,,1,
MJT AUTO SUPLLY,9185814286,PINES TRUCKING,CAMP 7 BAGUIO CITY,,1,
COACH ERIC GONZALES,,,,,1,
MP VERACRUZ AUTO PARTS SHOP,(082)295-3085,SEASTAR,"Carman Building, Sta Ana Avenue Brgy 27-C Poblacion District  Davao City,",,1,
MNM,7135268,,G. ARANETA AVE QC,,1,
COACH BERNARD DE GUIA,,,,,1,
ORLY REASONDA,,,,,1,
XKC-181,,,,,1,
MRS. ROSE,,,,,1,
DIWATA,,,185DIWATA SHAWCOR.ADEJESUS STCALOOCANCTY,,1,
BENEDICT ONG,,,,,1,
MT. SINAI AUTO SUPLY,,PINES,PUGUIS LA TRINIDAD BENGUET,,1,
SHOBE AUTO SUPPLY,9328855722,SEASTAR,"DIGOS CITY..., DAVAO ",,1,
MR. MANUEL LIM,,,,,1,
AUG AUTO PART SUPPLY-C,0 +63 (033) 330 4049,SEASTAR ,VALERIA EXT ILOILO CITY,,1,
LP TIREX MARKETING,09175610817,,ILIGAN ISABELA,,1,
xxxxxxxRTEC TRUCKS & HEAVY EQUIPMENT xxxxxxx,227-9926,,STA ANA DAVAO CITY,,1,
MICHAEL JORGE L. TONG,,,J.P LAUREL AVE BAJADA DAVAO,,1,
WATER WAY/JOAN CHONG,,,,,1,
EDWARD GAN,9177005532,SEASTAR,DAVAO CITY,,1,
RICKY DELMONTE,9672697324,,"TIMOTHY ST., MULTINATIONAL VILL PQUE CITY",,1,
BENSON GAN,,,,,1,
VARIOUS ONLINE SHOPEE,,,,,1,
CABANGCA & SONS,,,CAGAYAN DE ORO,,1,
GETTEX ENT.,9257090684,ORO FRONTIER,VALENCIA CITY,,1,
COOL LAST AUTO SUPLLY,,(FORMERLY GOLDEN MOTORS PARTS ) ,DAVAO CITY,,1,
(old)AUTO VISION SUPER PART,9257090684,,BACOLOD CITY,,1,
MR. ARLAN GUINTO,,,,,1,
CANCELLED ,,,,,1,
CARS GENERAL MERCHANDISE,,SEASTAR,NEGROS OCCIDENTAL,,1,
FOUR-C AUTO SUPPLY,,,"SAN ROQUE, ZAMBOANGA CITY",,1,
MS. EVELYN DE MESA,,,,,1,
EDDIE LAURE,,,,,1,
PAJERO - BLUE,,,,,1,
PAJERO - RED WYU-888,,,,,1,
LANDCRUISER - RENSON,,1hd-0186446 2000 model diesel,chasi#jt711tja10-09003260,,1,
LANDCRUISER - UKR555,,,,,1,
RAV 4,,,chassi # jpehh20v40017473   1az revo 2002 gas,,1,
PAJERO - WHITE,,,,,1,
PICK UP,,,,,1,
ACCESS MOTOR PARTS / ALBERT CO,9178252378,,# 21 CADIG ST. BRGY SAN ISIDRO LABRADOR LALOMA QUEZON CITY,,1,
RYAN MONTE CLARO,,,,,1,
MR KERWIN CUE,,,,,1,
RICHARD PADILLA,,,,,1,
PACIFIC TRADERS,,,PAGADIAN CITY,,1,
GORDIEL AUTO PARTS-C,088-856-1536,ORO FRONTIER,124 DON SERGIO OSMEÑA CAGAYAN DE ORO,,1,
XXXX C-ACRIBIL CORPORATION ( FORMER TRUCKERS PARTS SUPPLY ),08822-725-463,ORO FRONTIER,"DON SERGIO OSMENA ST.,CAG. DE ORO CITY",,1,
TFR/KSY-333 PICK-UP,,,,,1,
ZPP-759 COROLLA ALTIS,,,,,1,
MR. LUIS ANG,,,,,1,
MR. EDISON GAN,,,,,1,
MR. FERNANDO TORRE,,,,,1,
 MR. NEXON NG C/O ARRON COO,,,,,1,
SHERMAN,,,,,1,
LUCKY STAR SURPLUS,,,VALERIA ST. ILOILO CITY,,1,
KIETH SURPLUS CENTER,9177937070,CARL / seastar,"IGPIT , OPOL CAGAYAN DE ORO",,1,
GRANDIS/POM 905 ,,,,,1,
MR.SIMION YU,,,,,1,
LAM ST. STEPHEN,,,125 SCT D. LASCANO ST. THOMAS MORATO QC.,,1,
PAPERICH,241-0616,MISS.KATRINA,,,1,
MR. BOBBY CONCE,,,,,1,
DAVAO ABC AUTO SUPPLY,082-227 5861 luis,299-2327,J Dela Cruz Davao City Davao,,1,
MRS. EVELYN DE MESA,,,,,1,
PULL-OUT ,,,,,1,
XXXXROADSTAR AUTO SUPPLY -CXXXX,088-856-3875,seastar,OSMENA ST. CAGAYAN DE ORO CITY,,1,
ILOILO AUTO SUPPLY (MANILA),,,MANILA,,1,
AUTOWORX SERVICE CENTER,822-1096,JOHANZ TAN,NATIONAL HIGHWAY GEN. SANTOS CITY,,1,
Unknown,,,,,1,
ISUZU ELF ( TRUCK ) / UPL 562,,,,,1,
ALTERNATOR USE,,,,,1,
SYM / RED,,,,,1,
BESTAT AUTOPHIL / YAMATA,,,"115G ROXAS ST., QUEZON CITY",,1,
JD ICETECH ENT. ( Jerilyn Yap Luy),9177160168,DAVID,Door #3 GL bldg.  Buenavista st.  Brgy. Sto. Niño  Zamboanga city,,1,
MR. JEROME LAU,,,,,1,
MR. MENDOZA,,,,,1,
ROADSTAR AUTO SUPPLY-R,,,OSMENA ST. CAGAYAN DE ORO CITY,,1,
JSU AUTO SUPPLY,,,"JARO., ILOILO CITY",,1,
CROWN MARKETING,9177079882,,MALAYBALAY CITY,,1,
XXXXXXXXXXELVIE ENTERPRISES-MXXXXXXXXXXXXXX,,,"#42 BURGOS ST., LAPAZ  ILOILO CITY",,1,
DUNHILL VILLARUEL,,,,,1,
MARIA JEY ANN YANG ( MARK YANG)          ,9176274289,,"C/O AVIDA LAND CORP. Philam Life Bldg  Lacson Cor Galo STREET, 6100 Bacolod City",,1,
xxxNEW BACOLOD LINING CENTERxxxx,9328855722,,"CUADRA ST., BACOLOD CITY",,1,
Unknown,,,,,1,
MS. ANNA,,,,,1,
STREAMSON DELA CRUZ,,,,,1,
MR. JONATHAN BANAL,,,,,1,
VALENCIA STO NIÑO AUTO SUPPLY,9177079882,9171702262 9257248859,PUROK 3 SAYRE HI WAY POBLACIONVALENCIA CITY,,1,
CROSSWIND,,,,,1,
JOEL GOPOLI,,,ILOILO CITY,,1,
DAVID BANAL,,,,,1,
KENHON TAN,,,,,1,
MIKE FERMIN,,,,,1,
MRVA AUTO PARTS,,SOUTHSEA,MA-A DAVAO CITY,,1,
ONG BUN PENSION HOUSE,,,LEDESMA ST. ILOILO CITY,,1,
HEV & KEV MOTOR & ELEC. SUPPLY,,ARACELI  GENIROSO,"JARO, ILOILO CITY",,1,
KJE AUTO PARTS - R,0922-661-1055,,"DELGADO ST., ILOILO CITY",,1,
XXXXCT AUTO PARTS SUPPLY,033-336-2314,VISA,YU UY  TONG bldg Quezon st. ILOILO CITY,424-718-473,1,
ASCO AUTO SUPPLY,,,BACOLOD CITY,,1,
RBA AUTO SUPPLY,,,BATAAN ,,1,
FUEGO ISUZU PICK-UP,,,,,1,
MITSUBISHI PAJERO(WHITE),,,,,1,
MITSUBISHI (BLUE),,,,,1,
TOYOTA HIACE NDF-2656,,,,,1,
XXXXXXXXXXXXXXXXXXXXXXXXXXXXJCS AUTO PARTS,,ORO FRONTIER,AGORA MARKET ALAE MANOLO FORTECH BUKIDNON,,1,
MR. JONJON SY,,,,,1,
LUCAS TRANSMISSION SPECIALIST,,,UPPER BICUTAN,,1,
MANDY ARACAN C/O COTABATO MIXED PARTS,9228700454,,DOROTEO ST. COTABATO CITY,,1,
MANDY ARACAN C/O GERRY AUTO PARTS,,,MONTEVERDE ST. DAVAO CITY,,1,
CRISTOPHER PRE,9333394254,,LBC BOKAWKAWAN BRANCH BAGUIO CITY,,1,
MANDY ARACAN C/O JASON AUTO SUPPLY,9228700454,,"OSMEÑA ST., CAGAYAN DE ORO CITY",,1,
RANDY MALAGAO,9328855722,,"301 INj BLDG,. AS FORTUNA BRGY. BANILAD MANDAUE CITY",,1,
MICHAEL RAYMUNDO C/O HANNAH GENOVEA,9231119222,,"GENOVEA COMPOUND RAMAOS ST,. TACULING BACOLOD CITY INFRONT OF CV RAMOS ELEM. SCHOOL",,1,
CDO INTERNATIONAL,,,OSMEÑA ST. CAGAYAN DE ORO CITY,,1,
WLS-868 / LC100,,,,,1,
TIY-700 / HIACE,,,,,1,
XXXXJAPKOR AUTO PARTS-C XXXX,088-856-4735,,"OSMEÑA R. CHAVEZ ST., CAGAYAN DE ORO",,1,
GENERICS AUTO SUPPLY,4150438,,GENERAL SANTOS CITY,,1,
JINGLE CAR CARE CENTER,9228416787,,ILIGAN CITY,,1,
MODERN REFRIGERATOR AND AIRCONDITIONING SERVICES,9177220823,,TOMAS SACO 1ST ST. NAZARETH CAGAYAN DE ORO,,1,
COACH JOHN CALLOS,,,,,1,
O2 ZONE C/O AUDRIE LIM,9177180500,,"LA SUERTE BLDG BERNARD SUBD,. OZAMIS CITY",,1,
2L-R1 CORPORATION,,,UNIT 124 # 656 NADURATA ST 6TH AVENUE CALOOCAN CITY,,1,
LANCE MARKETING,036-5008264    ATTN TO: NILO MANALO / YANYAN CAVABS,NILO MANALO / YANYAN CAVABS,KALIBO AKLAN,,1,
HYUNDAI STAREX WIN 22 ,,,ENGINE : D4CB5961738  /  CHASSIS : KMHWP81JP6U715280,,1,
ANG ENG CHOON HARDWARE,064-288-1826,,"DAANG MAHARLIKA ST., KIDAPAWAN CITY",,1,
DALTA ENTERPRISES,,,"AQUINO ST., KIDAPAWAN CITY",,1,
TKH PARTS & HARDWARE,,SOUTHSEA,"KABACAN, COTABATO",,1,
RODEL ALOG,,,,,1,
MS. MAY KCN-928,,,,,1,
MOBILE WORLD,,,,,1,
MS.MAY,,,,,1,
K.TAN/ MONTERO,,,,,1,
DR. JOSE U. TAN JR.,,0917-620-2345,SUITE 312A CDUH MAB2 M.ROA ST. CEBU CITY,,1,
Subaru Crosstrek XV ,,,,,1,
TOYOTA PREVIA,,,,,1,
JOEY ALCALDE,,,,,1,
JJFE MOTOR PARTS,082-227-5113/09228391220,,25 SALES ST. DAVAO CITY,,1,
RNY AUTO PARTS SALES,,,"23A DR. MALDO ST., PASIG CITY",,1,
AA AUTO WORKS,999918842,,"BOY APAO BONGABONG ST., CATADMAN OZAMIS CITY",,1,
RONILO LAMADORA,9285018333,NEW TAS,"MC BRIONES HI-WAY, MANDAUE CITY",,1,
ROSEVIC E. BAYAN,9228560807,,#955 PAREJA SUBD.. BUTUAN CITY,,1,
NEIL LOZANO,,,PARAÑAQUE CITY,,1,
M-ZAMBOANGA MOTOR PARTS-M (OLD ),,,RIZAL AVENUE PAGADIAN CITY,,1,
sample,,,,,1,
GALEN GORDIEL,0917-716-2003,,G.GALYX INN HOTEL BRGY   CAPT. V ROA ST. (ACROSS COGON FIRE STATION ) CAGAYAN DE ORO CITY,,1,
LRM AUTO SUPPLY,880-2468,,"CORNELIO BLDG. R SANCHEZ ST., CAGAYAN DE ORO CITY",314-344-035,1,
ISUZU MUX,,,,,1,
N,,,L,,1,
MANDY ARACAN C/O ONG BUN PENSION HOUSE,9228700454,,LEDESMA ST. ILOILO CITY,,1,
JERRY AUTO SUPPLY C/O JUN ARACAN,9275736563,,MONTEVERDE ST. DAVAO CITY,,1,
JOSE TAN,9177110812,,46 SEMINARY DRIVE PALA-O ILIGAN CITY,,1,
WINSTON YAP,082-2377777,,"Felcris Centrale, Admin Office  40D Quimpo Boulevard   Davao City 8000",,1,
MARK CUE,,,"2A mayon street. Singson village, subangdaku. Mandaue ",,1,
MANNY SALVACIO,9177079882,,#612 B. LABAO EXT. ILIGAN CITY,,1,
FOUR K CAR ACCESSORIES,,,"VAMENTA BLVD CARMEN., CAGAYAN DE ORO CITY",,1,
MOTOR 61551K YAMAHA,,,,,1,
ROTA-COOL REF& AIR CONTIONING SUPPLIES,,,SAN ISIDRO PQUE CITY,,1,
J-ZAMBOANGA MOTOR PARTS-J (OLD ),9275736563,,PAGADIAN CITY,,1,
GOLDMARK PARTS CENTER,9178000715,,ILOILO CITY,,1,
WRENCH AUTO CLINIC / REN/SIR JO,9178462869,,"BLK 1 LOT 7 MAY FAIR ST. MONTE VISTA PARK BRGY., STO NINO CAINTA RIZAL",,1,
TD MARKETING - C,9178486826,,"MIDWAY SALES CORP. BLDG VALERIA EXT. BRGY MAGSAYSAY, CITY PROPER ILOILO CITY",131-396-090,1,
"SUPREME SUMMIT MOTORS, INC.                                            (SPICA DISTRIBUTION INT'L INC )",09228416787/09178216008,"BRGY. SAN MIGUEL, STO TOMAS, BATANGAS",,,1,
GKT AUTO SUPPLY,034-446-6650,,CUADRA STREET BACOLOD CITY,,1,
RAYBOY AUTO SUPPLY,9338638278,,RIZAL ST. BACOLOD CITY,,1,
RUDOLPH TAMULA,,,,,1,
MARK BARBILLA,,,,,1,
SANO AUTO SUPPLY,,,OSMEÑA AVE CAGAYAN DE ORO  CITY,,1,
A-ONE AUTO SUPPLY,9275736563,,"092 QUEZON AVE., MIPUTAK DIPOLOG CITY",,1,
CAGAYAN TRUCK BODY PARTS INC.,9228416787,,CAGAYAN DE ORO CITY,,1,
JJFE MOTOR PARTS,082-227-5113,,25 SALES ST. DAVAO CITY,,1,
NIKKO INDUSTRIAL SALES,9238010715,,BACOLOD CITY,,1,
MSK C/O MOHANNA SPAREPARTS,9228700454,,COTABATO CITY,,1,
ROYAL DYNA AUTO SUPPLY,083-238-3050,,SURALLAH SOUTH COTABATO,,1,
JOAN CHONG,,,,,1,
XXSHELTON PHILIPPINESC - C,,,"J. DE LEON ST., ILOILO CITY",,1,
JEFFREY SY,,,,,1,
BIENVENIDO LAGARNA C/O SIBUGAY ASTRO CAB CENTER SALES ,0936-472-1963,,SANITO COMPLEX IPIL ZAMBOANGA SIBUGAY,,1,
MS. JANE,,,,,1,
CHARINA DY,255-0388,,209  MANALILI ST. CEBU CITY,,1,
(OLD)SJC AUTO PARTS,9177079882,,ALAE BUKIDNON CAGAYAN DE ORO,,1,
MARANDING AUTO PARTS - R,,,CAGAYAN DE ORO CITY,,1,
JAM CARS AUTO PARTS,9328855722,,TAGUM CITY,,1,
F5 REDLINE AUTO SUPPLY,9174633237,,DAVAO CITY,,1,
WIMA AUTO & TRUCK PARTS,9399240516,WILSON PAUSAL,"TIENDA APLAYA DIVERSION ROAD DIGOS CITY, DAVAO DEL SUR",102-442-248,1,
JEFFERSON WANG,,,,,1,
JOVEN BANEZ,0917-5742-598,,DUBINAN SANTIAGO CITY ISABELA,,1,
ROGER UY,348-0919/344-0001,,"357 CMVCU COMPOUND LIBO, TAYUD CONSOLACION 6001 CEBU, PHILIPPINES",,1,
TIMOTHY YEE,,,C/O RENSON YU,,1,
A-3 CAR SERVICE STOP,9236588710,,48 NATIONAL HIGHWAY TALIC OROQUIETA CITY,,1,
HOPE ACOSTA,9177040470,,PZ GLASS DOORV# 7 OPENIANO BLDG. CABILI AVENUE ILIGAN CITY,,1,
SOUTH CEBU ELECTRO MKTG. & AUTO SUPPLY,262-2308,,"872 CEBU SOUTH ROAD, MAMBALING, CEBU CITY",,1,
ALBERTO OLASIMAN,9256018333,,MANDAUE CITY,,1,
ARNEL ELESTERIO,09231405691/09228416787,,"75 B & 77, Carmam Building, Sta. Ana Avenue, Poblacion District, Davao City",,1,
DRAGON AUTO SUPPLY & GENERAL MERCHANDISE,9424082721,,MID SAYAP NORTH COTABATO,,1,
EMELOU AUTO PARTS,8225506,,"BRGY. S AN FRANCISCO, PANABO CITY",,1,
LUIS AUTO SUPPLY,9228416787,,"STA ANA AVE., DAVAO CITY",,1,
LANCER C/O SHERMAN,,,,,1,
coil master ent.,,,,,1,
G.FIVE AUTO PARTS AND SURPLUS,887-3347,,GENSAN DRIVE ZONE 1 KORONADAL CITY,,1,
CRISOTO TAN C/O GORDIEL AUTO PARTS,9177079882,,124 DON SERGIO OSMENA CAGAYAN DE ORO CITY,,1,
RENSON YU,,,,,1,
BAYANI CASTILLO,,,,,1,
RETURNED DAMAGE ITEMS,,,,,1,
COACH WILSON,,,,,1,
(OLD) RBL MARKETING-C,9177077943,,SABAYLE ST. ILIGAN CITY,,1,
SJU AUTO PERFORMANCE,4365117,,"LOPEZ JAENA ST., JQ BUILDING BESIDE SEA OIL BACOLOD CITY",,1,
NEW ILOILO TRACTOR PARTS - C,0933-335-8934,+63 (33) 337 8462 033-335-8934,AHI BLDG VALERIA ST. ILOILO CITY,,1,
"POWER-UP TIRES, BATTERY & AUTO SUPPLY CORPORATION ",217-3431/400-1076/655-9602,0922-815-8948,"NATIONAL HIGHWAY TAGUM CITY, DAVAO DEL NORTE",,1,
CAZA AUTO PARTS-J,9333628868,JUN ARACAN,"RIZAL AVE., BRGY. SAN JOSE HIGHWAY DIGOS CITY",,1,
JEMVIC AUTO PARTS & SERVICE - M,,,"GUWAN , ZAMBOANGA",,1,
CHARLIE FERMIN,,,,,1,
J2 AUTOTRACK PARTS CENTER,084-216-6613,,"QUARANTE I ST., TAGUM CITY",,1,
MICHAEL LAM,,,,,1,
AZIR AUTO PARTS,,,CAGAYAN DE ORO,,1,
DAVID CELESTINO,,,,,1,
CADILLAC JOE MARKETING,,,MAGALLANES ST. COTABATO CITY,,1,
Unknown,,,,,1,
AVL AUTO SUPPLY-C,033-320-3246/508-7926,CRISOTO TAN,"JARO, ILOILO CITY",,1,
CHARLES KENT AUTO PARTS-A,09178325074/09228996069,AHAM,DOOR 1 & 2 YT BLDG. GEMPESAW ST DAVAO,,1,
PASTOR JESS TOMAGAN OFMANILA FAITH ASSEMBLY OF GOD.,,,2297 JUAN LUNA ST. GAGALANGIN  TONDO MANILA,,1,
ARVIN GUINTO,,,,,1,
ERNESLITO LUCAS,9228391094,,DAVAO CITY,,1,
NJF CLUTCH BRAKE & A/S 2- R,,RANDY MALAGAO,"#569 BANGKAL, DAVAO CITY",,1,
ALJUN ,,,,,1,
GLOBAL SYNERGY TRADE & DISTRIBUTION CORP.,9190796558,mijto13@yahoo.com.ph   BESIDE BIGSHOT BADMINTON COURT,"toyozu , road dacudao subd, davao city",006-441-069,1,
PABLITO VILLANUEVA,9267613348,,LBC CAGAYAN DE ORO CITY,,1,
CAZA AUTO PARTS-R,9333628868,RANDY MALAGAO,"RIZAL AVE., BRGY. SAN JOSE HIGHWAY DIGOS CITY",,1,
WC MOTOR PARTS (CONSIGNMENT),,,"8165 DR.A. SANTOS AVE. SUCAT RD., PQUE CITY",,1,
ARCHIE TAN,,,,,1,
WEST COAST PARTS SUPPLY / KING'S MULTIPARTS-C ,032-268-8443,,MANDAUE CITY,,1,
BEV WIDMAIER,,,# 01 HARVARD ST. CELDRAN VILLAGE ILIGAN CITY 9200,,1,
CLR AUTO PARTS,9985740706,LEOVIE RENTUMA SEASTAR,"DOOR 5 PANLAQUE BLDG., GENSAN DRIVE BRGY KORONADAL CITY SOUTH COTABATO",927-962-236,1,
JOSHUA CORDOVEZ,,,,,1,
LANDROVER,,,,,1,
AA COMMERCIAL,0920-927-3269/0917-329-9947,,245 LOPEZ JAENA ST MANDAUE CITY CEBU,,1,
 Regence Sales and Services Inc. Manny Salvacion,9658735355 /0915-3522-020,,GROUND FLOOR ROQUE BLDG SABAYLE ST.  POBLACION  ILIGAN CITY,,1,
KYLE NACINO,,,,,1,
"GUANGDONG FARET AUTO RADIATOR CO., LTD",+86 20-39991826-804,MR. JHAMES ZHONG,"NORTH No.1 SECOND ROAD NAN SHUANGYU INDUSTRIAL ZONE   WEST YU SHAN ROAD PANYU DISTRICT, GUANGZHOU CITY, CHINA",,1,
JANE TAN,,,,,1,
KENECY CORPORATION ,9178325074,,"# 3 GBE BUILDING LIZADA COR., STA ANA BRGY., 27-C DAVAO CITY",,1,
DEL-NAKA AUTO PARTS DIST.,221-1344/224-0141/09985710432,,SABAYLE ST. ILIGAN CITY,,1,
CYT DATA AUTO PARTS SALES (DADIANGAS AUTO WORLD),09253373304/ 0835523486,09237407802/01 CHE  ,"SANTIAGO BLVD, BARANGAY LAGAO GENERAL SANTOS CITY",,1,
A T,,,PARAÑAQUE CITY,,1,
HK MOTOR PARTS SUPPLY ,033-328-2573,9274788708,"DOOR 8 JARO COMM'L COMPLEX STA ISABEL ST , ILOILO CITY",,1,
C/O CYT DATA AUTO PARTS SALES ,09232805963/09253373304,,GENERAL SANTOS CITY,,1,
ANTONIO FUDOTAN (C/O GORDIEL),9262310856,,CAGAYAN DE ORO CITY,,1,
SPARKS AUTO SUPPLY-C,9177906723,seastar,CAGAYAN DE ORO CITY,,1,
NEW SUPER AA AUTOMOTIVE INC ( TWIN ALPHA AUTOMOTIVE INC.),9257186576,,"CABAGUIO AVENUE , PUROK  PAG-IBIG( NEAR FLYOVER) , AGDAO  DAVAO CITY",009-611-747,1,
MACLIN JOSEPH LOMOLJO /  HANSON YU,032-346-0167,,"MC BRIONES HI-WAY, MANDAUE CITY",,1,
DAVAO TUSCAN PARTS,0848225476/6284717,emerlyn_villaester@yahoo.com,BRGY SAN FRANCISCO NATIONAL HIGHWAY PANABO CITY,938-094-366,1,
Unknown,,,,,1,
Unknown,,,,,1,
AUTO CAAD,,,CAGAYAN DE ORO CITY,,1,
SMC SPARE PARTS & SURPLUS,9176344735,,"Pres S Osmena Street, Cagayan De Oro City, Misamis Oriental",,1,
car-v industrial sales,‎034-4344660,,bacolod city,,1,
TOTAL LUBRICANS/360 QUARTZ AUTO PARTS C/O JOJET MONTERA,,,TBCI COMPOUND PUROK 13 TERMINAL MAA DAVAO CITY,,1,
BOYET GESLAGA,,,MANDAUE CITY,,1,
CT AUTO PARTS SUPPLY-C,033-503-3681,337-7190,yu uy tong  bldg quezon st. ILOILO CITY,424-718-473,1,
EASTERN GENUINE PARTS,09398325183 SUNNY,086-231-9875 sarah,KM 01 NATIONAL HIGHWAY SURIGAO CITY,,1,
HAROLD LIM C/O 23C DE GUZMAN ,,,GUERERO ST. DAVAO CITY,,1,
DTB AUTO PARTS,9257090684,,AGORA LAPASAN CAGAYAN DE ORO CITY,,1,
RENE MARKETING & AUTO PARTS,294-5033/294-9320/ 8-362-0344ALONA  DON-DON,SEASTAR   rene marketing irvin 3620344,"MANDAUE CITY, CEBU ",,1,
MALVIN ONG,,,"Monterey compound   320 santolan road   Brgy little baguio, San juan  Unit T",,1,
PARTSFINDER AUTO & TRUCK PARTS,,,CAGAYAN DE ORO,,1,
RAMROD TRADERS INC.,,,M.L QUEZON MAGUIKAY MANDAUE CITY 6014 CEBU,,1,
ELVIE ENTERPRISES,033-320-0585/033-320-1324,,"#42 BURGOS ST., LAPAZ  ILOILO CITY",143-267-487,1,
US VERSION AUTO PARTS C/O HENRY CHUA & MARVIN ROS,0905-498-1360,HENRY chua & MARVIN ROS,19 north lawin phil am home sub. across from trinoma mall. ,,1,
RAMOSCO LOGISTICS INC,,,"167 FELIX AVE., BRGY SANTO DOMINGO CAINTA ROAD",,1,
NEW BACOLOD LINING CENTER-C,9333149933 ( jaypee),,"RJR BLDG CUADRA ST., BACOLOD CITY",,1,
11 KYODAI MOTORS,9188975900,,PRK 3 APOKON TAGUM CITY,,1,
NEW BASILAN HARDWARE,415-0438/09338691328,,"ROXAS AVE,. ISABELA CITY, BASILAN PROVINCE",,1,
MR. JUN NEGRE,9177997575,, PHIL-AM COMPOUND COMMISION CIVIL STREET JARO ILOILO CITY,,1,
MAZFORD,,,,,1,
ARIEL O. DUMAJEL,9153030230,,MIBANG STA. FILOMINA DIPOLOG CITY,,1,
BANLI TAN ( BLT ),,,,,1,
Unknown,,,,,1,
ERCL ENTERPRISES,230-3122,230-3122,"# 669D MANGGA AVE., SAMPALOC MANILA",,1,
MSK MARKETING-C,,,COTABATO CCITY,,1,
C/O ONGBUN PENSION,,,LEDESMA ST. ILOILO CITY,,1,
CRISOTO TAN C/O ONGBUN PENSION,,,ILOILO CITY,,1,
W68 AUTO PARTS AND SERVICE CENTER,,,L/L2 BLK16 ALLEY17 SIMON ST MULTINATIONAL VILLAGE PARANAQUE,109-614-762,1,
WARREN YU / RM-113 / C/O BACOLOD BUSINESS INN,,,28 LACSON  ST. BACOLOD NEGROS OCCIDENTAL,,1,
UNITED CARPARTS AUTO SUPPLY,9228460348,,DAVAO CITY,,1,
LEXUS TXO-602,,,,,1,
EX-MANILA,,,,,1,
AUTOVISION SUPER PARTS,0942-005-6549 /09469007073,,GONZAGA ST. BACOLOD CITY,005-919-662,1,
MOLSON STATLER ENT,3-415-0438 / 3-410-1240,"CHE,ELVIE","58 MALAC COR. GASAN ST., MASAMBONG QC",,1,
ZION PLUS MARKETING (MASSIVE),,,,,1,
KENECY CORPORATION ,,,006 BRANCH DAVAO CITY,,1,
PBR ENTERPRISES / P. BUANHOG,,,#30 ROAD 5 KALOOKAN CITY,,1,
RTEC TRUCKS & HEAVY EQUIPMENT - C,082-227-9926,LBC#3710-1171-9577,79 CARMAM BLDG STA ANA DAVAO CITY,,1,
MONTERO - DAVAO WARREN,,,,,1,
BENTLEY MOTOR PARTS,712-1093/731-5204/5207,8-781-2163,31 PATERNO ST. GALAS QUEZON CITY,105-620-186,1,
ATTENTION HERBERT LIM / HVL ENTERPRISES & AUTO PARTS CENTER ,035-422-8384,,"STA. ROSA ST., DUMAGUETE CITY",,1,
JRL AUTO PARTS,02-879-2560 / 703-6748,LEO VILLASQUEZ,PARANAQUE CITY,,1,
GMT ENTERPRISES,9067203392,,PUROK 01 LAMBO SAYRE HIGHWAY VALENCIA CITY BUKIDNON,,1,
HONGSAN AUTO SUPPLY-C,,,BACOLOD CITY,,1,
BACOLOD TRUCKERS PARTS SUPPLY CORP.,(034) 433-3335 / 09475741408,CRISOTO,"Ralph Bldg. Gonzaga St., Bacolod, 6100 Negros Occidental",,1,
CRISOTO TAN,0917-707-9882,seastar,19A JASMIN ST CARMEN CAGAYAN DE ORO CITY,,1,
RBL MARKETING-C,0966-162-2081,,BRGY POBLACION SABAYLE ST. ILIGAN CITY   ,,1,
(OLD)ZAMBOANGA MOTOR PARTS,,,PAGADIAN CITY,,1,
3M MACHINE  SHOP ATTN MR. CARLOS AMBOY ,,,GUSA CAGAYAN DE ORO CITY,,1,
JOHNNY AUTO SUPPLY,083-228-8222,,"A. MORROW ST., KORONADAL CITY (228-9821)",295-774-127,1,
GERZON REY M. MAR,,,"UNIT 1B TOWERB ,SUNTRUST GARDENS ADRIATICO MALATE MANILA",,1,
CRJM MERCHANDISE,618-0561/0852,,PARANAQUE CITY,,1,
BUENAFLOR CAR SERVICES INC. ( PRONTO),850-2531/809-2134,ROSE,BULI MUNTINLUPA,007-881-364,1,
XXXXXXXXXCARSHAPER AUTO PARTS SUPPLY CENTERXXXXXXX,706-6071,,"GENSOLI BLDG., LACSON ST., BRGY 24, BACOLOD CITY",,1,
ZC 3 IN 1 ENTERPRISES,9326744766,COR GOV.LIM,"VETERANS AVE., ZAMBOANGA CITY",,1,
Unknown,,,,,1,
VICENTE ENTERPRISE-C,9324690461,PAMBATO,"Gov. V.M. Cerilles St., San Francisco District, Pagadian City",706-427-845,1,
TWR MOTOR PARTS,,,"# 187-4 N. DOMINGO ST., SAN JUAN MM.",,1,
CARSHAPER AUTO PARTS SUPPLY CENTER - C,034-706-6071,,"GENSOLI BLDG., LACSON ST., BRGY 24, BACOLOD CITY",,1,
GEAR UP AUTO PARTS / ACCESSORIES,9264133966,EM-EM,CONFESSON  ST KORONADAL CITY,,1,
-A.Y. BUTUAN AUTO SUPPLY,(085) 341 5000,," R. Calo St, Butuan City, Agusan Del Norte",,1,
SJC AUTO PARTS,9177079882,,ALAE BUKIDNON CAGAYAN DE ORO,,1,
AUTO SHAPE CO.,,,14b san pedro st. san francisco del monte q.c,,1,
CRUZEN GENERAL MERCHANDISE,9175455506,JERRY,PARANAQUE CITY,,1,
ZHUHAI OUDUN GAS SPRING PLANT,+86 18814125643,CHRISTINE HU,"NO. 53 HUAPENG ROAD, QIANSHAN COMMERCE & TRADE LOGISTICS CENTRE, XIANGZHOU DISTRICT, ZHUHAI CITY, G. D,CHINA",,1,
YONGXIN,,,PARANAQUE CITY,,1,
ZAMBOANGA MOTOR PARTS,0917-711-3641,,"RIZAL AVE ,. PAGADIAN CITY",,1,
SOUTHERN TOURIST INN,9178325074,,VILLA ABRILLE STREET DAVAO CITY,,1,
SPRINTER AUTO PARTS,,,"KORONADAL CITY,  MARBEL SOUTH COTABATO",,1,
HONDA PILOT UON-905,,,,,1,
VINCENT CHUANG,,,"34 LADISLAWA AVE., LADISLAWA VILLAGE BUHANGIN DAVAO CITY",,1,
C-ILOILO 3B AUTO PARTS,033-3383418/0333350172,,VALERIA ST. BRGY. MAGSAYSAY ILOILO CITY,,1,
C-PARTSFINDER AUTO TRUCK & TRUCK PARTS,,,CAGAYAN DE ORO,,1,
MARIVIC GAN,9338663094,,DAVAO CITY,,1,
REALSON - REPAIR,,,,,1,
ADRIEL AUTO PARTS,2255-4303 / 09482104180,,DOR 4 GAHUL BLDG. E. QUIRINO AVE. DAVAO CITY,,1,
KIA CAREN - DAVAO,,,,,1,
DARYL DUKE,,,,,1,
A.M.GOLDEN AUTO PARTS ,085-817-6125 /085-300-0201/0160 ,(0920) 824 1097 inday 085-225-4131,Cor J. Aquino & R. Calo St. Butuan City 085- 225-4131,,1,
DYTEBAN HARDWARE & AUTO SUPPLY,9566752036,,E.LUNA & LOPEZ JAENA ST BUTUAN CITY,,1,
SOUTH SEA AUTO PARTS INC.,032-346-0106,SEASTAR,4 MT. TAAL ST. SINGSON VILLAGE MANDAUE,459-175-155,1,
TAIPAN MARKETING c/o JOSEPH GAWIDAN,9233331739,JOSEPH GAWIDAN,"GF 27 BAGUIO CENTER MALL, BAGUO CITY",,1,
Unknown,,,,,1,
NIPPON BEARING,,,"LEON KILAT ST, CEBU CITY",,1,
GEORGE JAO,,,,,1,
EMMA YEUNG,9228996069,,704 RISING SUN VILLAGE SAINT ANDREW  ST. BAESA QC,,1,
JANE SAMSON c/o RICKY SAMSON,9231990591,,HINIGARAN NEGROS ACC.,,1,
SUNHUAT ACTIVE RESOURCE PARTS CORP,,,L1 ALLEY 17 SIMON ST. MULTINATIONAL VILLAGE PARANAQUE,010-067-745,1,
MMA AUTO PARTS C/O MARK ANTHONY B. TAMOSA,9327796159,,PAG-ASA VILLAGE BRGY. GENERAL SANTOS CITY,,1,
KORONADAL SUPER GREAT AUTO SUPPLY,9303518116,,187A BALMORES PARK MALAYA BRGY GPS KORONADAL CITY,,1,
MICHIBA MARKETING-C,088-850-8337,,CAGAYAN DE ORO CITY,,1,
PLANTERS TRACTOR PARTS SUPPLY,033-508-6546/0917-3029576,,ILOILO CITY,,1,
PARTSMAN AUTO SUPPLY,4334449/4355597,EDWIN KHO,# 151 COR CUADRA LACSON ST. BACOLOD CITY,,1,
ACCESSSOFT,032-383-0764,HANSEL PERALES  /  HARVEY CHI,,,1,
HYREAL,,,,,1,
GOLDENMARK ILOILO PARTS CENTER,711-0144 / 252-2413  / 732-7808,,ILOILO CITY,,1,
KIMASIA MERCHANDISING,,,QUEZON CITY,,1,
1,,,,,1,
CRISOTO TAN C/O BUSSINESS INN,,,28 LACSON  ST. BACOLOD NEGROS OCCIDENTAL,,1,
N & J AUTO PARTS,6061832006,,WESTERN KOLAMBOG LAPASAN CAGAYAN DE ORO CITY,,1,
OLD-KIETH SURPLUS CENTER,,,,,1,
KJE AUTO PARTS - C,0922-661-1055,,"58 Delgado St, Iloilo City Proper, Iloilo City, Iloilo  DELGADO ST ILOILO CITY",,1,
JERRY SAGADSAD,9285009017,,7A MAYON ST. SINGSON VILLAGE CEBU CITY,,1,
MR. CHARLES ANTHONY JUAN ,0917-700-9990,,"LKC , TABUC -TUBIG CALINDAGAN DUMAGUETE CITY NEGROS ORIENTAL ",,1,
motor supremo HONDA ,,,,,1,
"C/O DOLORES B. GONZALES, DU1DLY",,,"Phil. Amatuer Radio Assoc.                                                  NATIONAL TELECOMMUNICATION ON COMMISSION BLDG, East Triangle Diliman Q.C.",,1,
MR. RONALD,,,,,1,
GEO GORDIEL,9173239605,,COUNTRY VILLAGE HOTEL  VILLARINE ST CARMEN CAGAYAN DE ORO CITY,,1,
CHRISMA GERALIN,9076432033,,"UNIT C (3) BLOCK 51 LOT 8 STA CATALINA STREET, PENAFRANCIA CUPANG ANTIPOLO CITY 1870",,1,
FRANCIS BARICANTE,9771912061,,PICK UP LALAMOVE,,1,
JOBU TRADING INC / AIDAN MARKETING,,,MANDAUE CEBU CITY,004-262-562,1,
SENTRO AUTO PARTS & SERVICES,9154867511,,STA ROSA ST DUMAGUETE CITY,,1,
ANGELIE GERALE,9096771514,JANE SAMSON / 09231990591,"PONTEVEDRA, BACOLOD CITY NEGROS OCCIDENTAL",,1,
Unknown,,,,,1,
LRD AUTO REPAIR SERVICES,028821-7269/ 8697-0194,,119 MULTINATIONAL AVE,,1,
CAPS CAR CARE AUTOMOTIVE PARTS STORE (LEO B. ARELLANO),9561271222,,CONFESOR CORNER STA LUCIA ST BRGY ZONE III KORONADAL CITY,,1,
MABUHAY TAXI OFFICE  ( SUPER AA),,,CLARO M. RECTO HIGHWAY CLARK FREE PORT NEAR CLARK AIRFORT,,1,
JIMSON LIM,9175508168,,"#3 QUEENIES LOVE VILLAGE, BRGY CITY HEIGHTS , GENERAL SANTOS CITY 9500",,1,
CEBU JANSALES CORPORATION,3460024,,"361 MC BRIONES HIGHWAY MANDAUE, CITY 6014 PHILIPPINES",,1,
YANCY MACASERO TAN,9228224913/088-856-5134,,CAGAYAN DE ORO CITY,,1,
MARK ANTHONY TAMOSA,9327796159,,PAG-ASA VILLAGE BRGY. GENERAL SANTOS CITY,,1,
CRISOTO TAN (JE AUTO PARTS ),0917-707-9882,,"GUSA HIGHWAY, CAGAYAN DE ORO CITY",,1,
JACK MUIT,,,PARANAQUE CITY,,1,
MARK YANG C/O RYAN UY ( PJL AUTO CENTER INC.),9176274289,,LACSON ST MANDALAGAN  BACOLOD CITY,,1,
DEMETRIO SERVANTES PILAYO,0922-822-4924,,CAGAYAN DE ORO CITY,,1,
INNOVA 2017 1GD DIESEL / Plate no: DAE4273,,,CHASSIS: PA2JA8EM0H0024807  ENGINE: 1GD,,1,
PAL,,,,,1,
FORD EVEREST 2017,,,CHASSIS: MNAXXMAWAGG05848  ENGINE: P5AT2205886,,1,
FORD RANGER DOUBLE H 2013 (PICK-UP) DIESEL,,,CHASSIS: MNCLMFF80DW164378  ENGINE: P4AT1075745,,1,
FORD FOCUS 2.0L 2007 TDCI,,,CHASSIS: PE163LAUP71AU00018  ENGINE: D4204T70711,,1,
CHEVROLET SPARK 2012,,,CHASSIS: KL1MF4811CC638885,,1,
CHEVROLET TRAILBLAZER 2014,,,CHASSIS: MMM156MK0EH31548  ENGINE: BG1G140761045,,1,
CHEVROLET SPARK 2015 MANUAL,,,CHASSIS: KL1MF4811FC742707  ENGINE: ,,1,
TOYOTA HILUX 4X2 E 2015 2.8,,,CHASSIS: MROJB8DDOG3507601  ENGINE: GUN1235L-DTFSHM,,1,
NISSAN CARAVAN 1993 SUBIC,,,CHASSIS: ARE24-033753  ENGINE: 2.7 DT-i,,1,
NISSAN SERENA 99-05 LOCAL,,,CHASSIS: C24B0M000106  ENGINE: ,,1,
NISSAN JUKE 2017 1.8L GAS ,,,CHASIS # JN1FBAF15Z0403814  ENGINE # HR16090135D,,1,
NISSAN ALMERA 2015 GAS (SEDAN),,,CHASSIS: BDUALBGN17B25037  ENGINE: HR15-993983C,,1,
HYUNDAI GETZ 2006 MANUAL ,,,CHASIS # KMHBT51GP6U525570  ENG # G4H6095306,,1,
NISSAN TEANA 2007 GAS,,,Chassis # jn1bauj31uo303411  Engine # vq23-211501a,,1,
SUZUKI ERTIGA 2017 Manual,,,CHASSI#MHYZE81S3JJ301  ENGINE #K14BT1235255,,1,
HYUNDAI GRAND STAREX 2012,,,CHASSIS #KMJWA37KBCU461813  ENGINE#D4CBC993002  CODE#HYW201803,,1,
TOYOTA VIOS 2015,,,CHASSIS # NCP151201159  ENGINE # 2NZ7449228,,1,
MG-5,,,CHASSIS #LSJW74U3XK2155833,,1,
hyundai i10 2012 model G4HG,,,chassis # malan51bbcm089036,,1,
STANDFIELD CORPORATION,,,PARANAQUE CITY,,1,
kia carens 2.0 crdi 16valve 2008 model,,,chassis#knafg524297226870,,1,
ISUZU FUEGO  PICK UP 1998,,,PABTFR54HDV203242,,1,
TOYOTA LANDCRUISER 1996,,,HDJ800005721,,1,
4L & G AUTO PARTS SUPPLY,743-6637,LEO,PARAÑAQUE CITY,,1,
ISUZU MUX 2015 4JK1,,,CHASSIS # MPAUCR86DETT000069  ENGINE # 4JK1ME8540,,1,
HYUNDAI STAREX,,,CHASSI KMJWA37JBCU395884,,1,
HYUNDAI PORTER 2016 H100,,,CHASSI #KMFZSN7HP5U104715,,1,
Kia Picanto 2016,,,CHASSI  KNABX511AGT236843,,1,
PAJERO 6G75RCT489 2004 ,,,CHASSI # JMYLYVTTW4J880702,,1,
FRANK CHING,0917-625-3360 / 09173239605,,7A MAYON ST. SINGSON VILLAGE MANDAUE CEBU CITY,,1,
FORD EXPIDITION 2010,,,CHASSIS#1FMJK1J53AEA87780  JIMPSON LIM,,1,
OFFICE USE,,,,,1,
CHI-PENG UY (HONGSAN AUTO SUPPLY),9173010550,,"#155 LACSON ST., BACOLOD CITY",,1,
BIENVENIDO P. LAGARNIA JR.,9175466385,,"SANITO COMPLEX, SANITO IPIL ZAMBOANGA SIBUGAY PROV.",,1,
BLUE TAXI,0915-885-0464 /0935-1507-186,,CM Recto Highway Clark Freeport Zone Pampanga (near clark international airport),,1,
HYUNDAI elantra 2013,,,CHASSI kmhdh41ebdu689973,,1,
HYUNDAI ELANTRA G4GR 1.6,,,KMHJF31RPVU359450,,1,
ARIEL PAROJINOG,0938-257-0304,,634-1 GOV.SALES ST. UYANGUREN DAVAO CITY,,1,
CHEVROLET SPIN 2015 DIESEL,,,CHASSIS#MJBJF7590FJ101266,,1,
ISUZU DMAX 2010 model 4JJ1,,, Chassis# FABTFS85H90000503,,1,
TOYOTA RAV-4 2002,,,CHASSIS#JPEHH20V40017473  ENGINE #1AZ-0822786,,1,
ISUZU FUEGO DSL,,,CHASSIS#PABTFR54HDV203242,,1,
TOYOTA LANDCRUISER 1996,,,CHASSIS #HDJ800005721,,1,
CHEVROLET CAPTIVA 2011,,,CHASSIS: KLCA2GR1BH304580  ENGINE: Z20S1-438316K,,1,
LAZADA ONLINE BUYERS,,,,,1,
TPS TRANSITION PARTS AND SERVICE,082-227-2882/ 082-227-8228/ 082-227-8822/ 0933-850-5638 ,0917 309 0572 MATHEW AGABIN/09173090572,DACUDAO AVE DAVAO CITY,,1,
HYUNDAI G4FA  ACCENT GAS,,, CHASSI#KMHCT41CACU185272,,1,
FORD RANGER 2014 MANUAL 2.2,,,CHASIS# MNCLMFF80EW319276,,1,
NISSAN ATLAS (SUBIC) 2014  DOUBLE CAB,,,Engine no.: TD25219056  Chasis no.: N2F23000276,,1,
CHEVROLET SPARK 2007,,,Chasis #KLYMF181DAC100059,,1,
KIA CARNIVAL SEDONA GAS 2004 V6,,,vin# KNAUP752246520357.  ENG# K5064479,,1,
KIA RIO 2002 1.5 LITER,,,Engine#A5D-055270 CHASSIS #KNADC243216018534,,1,
NISSAN SENTRA 1997 B14,,,ENGINE# GA16-486885C Chasis# BAYALHFB14-B74102 ,,1,
FORD ESCAPE 2003 2.0,,,Chasis # PP2ET711316D00024  ENGINE #YF000723,,1,
MITSUBISHI LANCER 2010 ,,,engine#  4B11DN4000  chasis#PAECY4AX9AA000041,,1,
TOYOTA ALTIS 2004 1.6 A/T,,,Engine# 3ZZ-4038218 CHASSIS#ZZE121-8002694,,1,
KIA RIO 2012 1.2 SEDAN,,,Chasis # KNADM411AC6099995,,1,
FORD LYNX 1.3 ,,,Engine#. B3896999 Chasis # PE1BVL131CG00330,,1,
DAIHATSU EF MULTICAB,,,chassis # S80P031847,,1,
TOYOTA RAV4 4X2 WAGON 2007,,,Engine 2AZ2611737 Chasis# JTMZD31V805060666,,1,
NISSAN NAVARA 2008,,,CHASIS #MNTCCCD40Z0011115,,1,
HONDA CRV 2.0 2007 A/T,,,EngineR20A11801796CHASSIS#MRHRE18307PO11262,,1,
TOYOTA COROLLA 98 GLI A/T,,,Engine# 4A-M137078 1587 chasis#AE111-9544944,,1,
NISSAN SENTRA 2002,,,Chasis#CDFALDFN16A29070 engine# QG1500052,,1,
NISSAN FRONTIER BRAVADO 2010,,,Chasis#CVPGLDFD22H07417. Engine # TD27895137,,1,
HONDA CIVIC 1995 ,,,CHASSIS #-PHSY6-1B3559 ENGINE#-PH15-3001575,,1,
FUSO CANTER 2008,,,CHASSIS:FB308B-460230. ENGINE:4DR7-858777,,1,
GENCARS AUTO PARTS  SUPPLY (MAIN) (VALENCIA),9656552449, (GLORYNEL), P3 SAYRE HIWAY VALENCIA CITY BUKIDNON INFRONT OF SHELL GAS STATION,924-570-675,1,
DR ELISEO HAO ( C/O KERWIN CUE ),,,1409 harvard mansion  alvarado extension corner mayhaligue st tondo manila barangay 250,,1,
RICHELLE,,,,,1,
RENZ AUTO PARTS-C,9338691869,,CAGAYAN DE ORO city,,1,
JOSE TAPIA,0906-129-2763,,"MAHARLIKA 6,LEVITOWN BETTER LIVING PARANAQUE CITY",,1,
(OLD) TIMBERLAND MOTOR PARTS,,,,,1,
KERWIN CUE C/O SOUTHERN UNION HARDWARE CORP.,083-552-6250/1,,"I. SANTIAGO BLVD., GENERAL SANTOS CITY",,1,
KIMGOLD - LOST,,,,,1,
toyota vios 2006,,,,,1,
JAN DANIELLE T. VENTURA,0915-268-4781,,SALVADOR BLDG BONIFACIO STREET SAN JOSE CITY NUEVA ECIJA PHILIPPINES ,,1,
TOYOTA HILUX 4X4 2014 3.0L,,,MROFZ29GX02548752  ENGINE 0KDA509236,,1,
Unknown,,,,,1,
NISSAN CEFIRO 3.0,,,Engine# VQ20-101280  Chassis# CLFULAA33A1038888,,1,
JEEP RUBICON 2017,,,Chassis# 1C4BJWD55GL192684,,1,
HYUNDAI ACCENT 2011 1.4,,,Chasis# KMHCT41CBBU016378  Engine# G4FABU143754,,1,
KIA CARNIVAL J3,,,CHASSI#NKON3HNP6N54KO15867,,1,
HYUNDAI GRAND STAREX 2011 AT,,,Chassis# Kmjwa37jbbu282543,,1,
HYUNDA i10 2012,,,chassis# MALAN51BBCM114099,,1,
HYUNDAI H100 2009,,,chassis no. KMFZBX7BAAU550168,,1,
HYUNDAI ACCENT G4FA GAS,,,CHASSI#KMHCT41CACU185272,,1,
KIA SORENTO 2004 GAS,jimson lim,,2004 kia sorento-engine number-G6CU4887347  CHassis number-KNAJC523845297025,,1,
NISSAN NAVARA,,, chassis#MNTCC202320073988,,1,
SUZUKI SWIFT 2010 M13A,,,chass.# ZC115-107872,,1,
FORD RANGER 2.2 ,,,chass.# MNCLMFF80CW119767,,1,
TOYOTA YARIS 2013,,,chass.#MR054HY9104101220,,1,
HONDA CRV 2023 (664) MAAM SAM,,,,,1,
CHEVROLET CAPTIVA 2008,,,chassis#KL1CD26R18H305849,,1,
FORD EXPEDITION,,, chassis number IFMFUI8515LA17279,,1,
CHEVROLET SPARK 2009,,,engine number B1DS12115211521KC2   chassis number KL1KF480E9C641130,,1,
SUZUKI SWIFT 2012,,,chassis#JS2ZC82S7D6100004,,1,
TOYOTA CAMRY 2007,,,CHASSIS #MRO53BK4007013464,,1,
TOYOTA AVANZA,,,Chassis #MHKM5FE1FOK000059,,1,
HONDA FIT 2010 GAS AT,,,engine: L13A1547844  Chassis: GD11542271,,1,
TOYOTA FORTUNER 2012,,,engine: 2KD6936442  chassis: MHFZR69G703032396,,1,
TOYOTA RAV4 1996,,,chassis: JTB71SCV0149903  engine: 3SFE,,1,
NISSAN XTRAIL 2005,,,engine: QR20-562774A  chassis: TDAALAAT30-A24605,,1,
HYUNDAI MATRIX 2006 MT,,,engine: D4FA6U874726  chassis: KMHPM8IUP6U276705,,1,
TOYOTA VIOS 2010 MT 2NZ-FE,,,chassis: NCP929022644,,1,
KIA SPORTAGE LX 2019 AT,,,chassis: KNAKG811BA7724369  engine: D4E-A9H426774,,1,
"TOYOTA HILUX 1995 DIESEL 2,8",,,chassis: LN106-0123065  engine: 3L-3940539,,1,
TRAILBLAZER 2015,,,engine: GAFG142961236  Chassis: MMM156EKOFH607861,,1,
KIA SPORTAGE LX 2010 AT,,,chassis: KNAKG811BA7724369  engine: D4E-A9H426774,,1,
TOYOTA VIOS 2005,,,chassis: MRO53HY42-0415435,,1,
HYUNDAI MATRIX 2006 MT,,,engine: D4FA6U874726  chassis: KMHPM8IUP6U276705,,1,
SUZUKI SWIFT DZIRE 2016,,,engine: KIZMN  chassis: MA3ZF62S16A726930,,1,
MARLYN PERENA,,,,,1,
GENEVIEVE INFANTE,9072247776,,108 SAN ANTONIO ST MOLO ILOILO CITY,,1,
HYUNDAI ACCENT 2015,,,CHASSIS# KMHSU81XAFU478880,,1,
HONDA BR-V 2017,,,CHASSIS #MRHDG-1840-HP000263,,1,
MAHINDRA ENFORSER 4X2 2016,,,CHASSIS # MA1SR2BKCG206592,,1,
ISUXU D-MAX 4X2 2007,,,CHASSIS # PABTFR85H70000238,,1,
SUZUKI JIMNY M13A,,,CHASSIS # JS3JB43V194102833,,1,
CHEVROLET CAPTIVA 2009 DEISEL,,,CHASSIS#KL1CA26R19H302523  ENGINE#   Z20S1291973K. ,,1,
HONDA CITY 1.3 2010,,,Engine # L13Z12405512  Chassis # PADGM1530AV102207,,1,
CHEVROLET TRAILBLAZER 2013,,,VIN#  MMM156MH0DH653432,,1,
Hyundai TRUCK 6 WHEELER 2007,,,Chassis :  KMCDB18RP7C018104  Engine:  D6BR7057534,,1,
FORD FOCUS 2016. HB,,,Chasis no. MPB3XXMXC3FJ28494.,,1,
TOYOTA Wigo 2017,,,chasis # MHKA4DE5FHJ000584,,1,
Kia K2700,,,VIN# KNCSHX71CD7732501  ,,1,
Toyota CROWN supersalon 6 CYLINDER ,,,VIN #   CS1319000394.   Motor No.585061 ,,1,
Hyundai Starex 2007,,,Engine# D4CB7155595  Chassis# KMHWP81JP7U810013,,1,
Unknown,,,,,1,
toyota fortuner . 4x4. Dsl. 2006 model,,,VIN #   MROYZ59GZ00041138.   ,,1,
Nissan Cefiro 3.0,,,Engine# VQ20-101280  Chassis# CLFULAA33A1038888,,1,
HONDA CITY 2004 L13A,,,CHASSIS#MRHGDG5603PO10552,,1,
NISSAN GRAND LIVINA 2010 ,,,ENHINE#MR18037061R  CHASSIS#JDSALHAL10A49355,,1,
NISSAN FRONTIER 4X4 2003 DIESEL,,,ENGINE #QD32176493  CHASSIS#CVRULFFD22D03226,,1,
FORD RANGER WILDTRACK 2011,,,ENGINE#wlat1239945  chassis #mnclsfe10aw911484,,1,
Hyundai Truck 23T 4 Cylinder,,,Engine #D4AFS088106  Chassis #KMFDA17FPRU084658,,1,
FORD ECOSPORT 2015 A/T,,,MPBSXXMXKSEA04883,,1,
hyundai accent 2012,,,chass#KMHCT41CBCU261945,,1,
FORD OTIS MANILA,,,1090 guazon street mediola extension otis Paco Manila,,1,
DANIEL BRITO,09-17-794-9833,,Rm. 1106C Valencia Hills Condominium N Domingo St Qc,,1,
Ranger 2017,,,CHASSIS#MNCLMFF80HW748385  ,,1,
MG-ZS,,,CHASSIS#LSJA36E30L2036996,,1,
SHOPEE ONLINE BUYERS,,,,,1,
RICHLOID AUTO PARTS-C,,,CAGAYAN DE ORO CITY,,1,
BRUZ BUNDAC,9175532763,,16 LAGAN ST. PALAWAN PUERTO PRINCESA,100-326-076,1,
Ceazar M. Palacio,9658426615,,"Danuman East, Sta. Maria, Ilocos Sur",,1,
Suzuki APV 2010,,,CHASSIS: MHYDN71V5BJ302064,,1,
JOHN JOHN RODOLFO ARENOS,0909-666-6606,,3 SINSUAT ST SOUTH COTABATO KORONADAL ZONE IV(POB),,1,
FORD EXPEDITION 2003,,,FORD EXPEDITION 2003  VIN#  1FMRU15W53LB74577.   ENGINE #  FEB0630916.  22222122H2.,,1,
ford expidition 2010,,,chassis#1fmjk1j53aea87780,,1,
JUANITO MAÑEGO C/O ISMAEL MAÑEGO,0910-877-1987,,OZAMIS CITY MISAMIS OCCIDENTAL,,1,
Jessie Nacua NH Motor Sales,9177723984,,"Warehouse no.3  Oro hi-q warehouse  Zone 3, tangke tabok opol   Misamis Oriental",,1,
NELSON NG,,,,,1,
Mr. Amado Co,,,"#8 San Antonio St.,Sta.Clara Subdivision Bacolod City",,1,
H & E AUTO SUPPLY (FORMER KASALIGAN AUTO MART) HENRY TIU,9175466385,,25 horseshoe hill cleveland st.banawa. cebu city,,1,
ELGFER'S AUTO SUPPLY-C,,,OSMENA CAGAYAN DE ORO CITY,,1,
RAMAN EUGENE REBUYAS,032-346-0167,,"MC BRIONES HI-WAY, MANDAUE CITY",,1,
hiltor cargo,0966-778-0863 ( benson ),0910-397-8887 / 0938-736-3793/0966-923-2536,,,1,
DEOSAN SANTANDER ,,FACEBOOK,,,1,
CRISOTO TAN ( Z CARTRUCK PARTS & MARKETING ),,,,,1,
MJ AUTO SUPPLY,09171330037 / 09231028856,,130 U ALVIOLA ST VILLA GONZALO 2 BRGY TEJERO CEBU CITY,,1,
FORD RANGER 2.2 2014,,,MNCDMFF20EW27622,,1,
VIOS 2017 1NR,,CHASSI# PA1B19F30H4024674,,,1,
(OLD)MARK CUE C/O CEBU SERVICE,,,SINGSON VILLAGE MANDAUE CITY,,1,
ROMEO SIY ( TOTO ) ,,,ARCADIA,,1,
CEBU RELIANCE MOTOR PARTS INC (H & E),032-4074059/09228152262,HENRY TIU 091754666385 ELIZABETH TIU 09171547734,IBABAO AGUS LAPU LAPU CITY,000-067-538,1,
JS3JB43V0F4301254 suzuki jimny GAS,,,,,1,
Unknown,,,,,1,
TOYOTA HIACE COMMUTER 2020 1GD,,,JTFNAFAP1L8015220,,1,
KIA SOUL 2009,,,CHASSIS:KNAJT812BA7082089  ENGINE: ,,1,
HYUNDAI ELANTRA 2012 1.8 GAS,,,CHASSIS:KMHDH41EB0UZB6546  ENGINE: G4NBBU920354,,1,
Unknown,,HYUNDAI ACCENT 2007,CHASSIS:KMHVA21LNTU129919  ENGINE: G4EHT690083,,1,
Ford fucos 2008 1.8 ,,,chassis#PE163LAR81AR00187,,1,
DIBOY AUTO CARE C/O RODERICK CELESTINO ,0926-437-9092,,PUROK 17C HAGKOL VALENCIA CITY BUKIDNON BESIDE PRAWNHAUS RESTAURANT,,1,
CLINT JABATAN,0912-921-6487,,BACOLOD CITY,,1,
NORMA SOLIS MAGLENTE,0922-815-8948,,"NATIONAL HIGHWAY TAGUM CITY, DAVAO DEL NORTE",,1,
Hyundai Accent 1.5 CRDI ,,,Chasis No: KMHCM41VAAU530275,,1,
KIA CARENS 2014 DIESEL 1.7 MANUAL,,,CHASSI # KNAHT815AE7013733,,1,
ELESEO HAO,,,,,1,
ATTY. RENSON L. C. YU,CEL-09175180619,,#48 TIMOTHY STREET MULTINATIONAL VILLAGE PARANAQUE CITY,,1,
JOHNNY P. CORPUZ ,0906-656-8834,,PRK.1 DAVAO DE ORO NABUNTURAN POBLACION PHILIPPINES,,1,
Edwin Celestino ,,,"CasaBlanca Homes #26 Gen.Evangelista St. Malicsi I, Bacoor, Cavite",,1,
navara 2019,,,Chassi # MNTCC2D2320048902    ,,1,
VIOS 2017 ENGINE : 1NR X148411,,,CHASSI #PA1B19F38H4029346,,1,
VIOS 2006,,,MR053HY42-04172800,,1,
HONDA BRV 2018,,,CHASSIS: MRHDG1820JP001446  ENGINE: L15Z1-5926639,,1,
Honda BRV 2017,,,  Engine #L15Z13961514  CHASSIS#MRHDG1820HP001043,,1,
ford expedition 2010,,,chassi#1FMJK1J53AEA87780,,1,
suzuki celerio 2016,,ENGINE# K10BS1039859,chassi #MMSFE42S1FR101306,,1,
Suzuki Swift 2015 Year Model - 2015,,,  Engine no. - K12MN1518672  Chassis no. - MA3ZC62S1FA811130,,1,
AA MERCHANDISING C/O JANE YU,345-8842 /344-5842,,246 A DEL ROSARIO MANTUYONG MANDAUE CITY BESIDES CHINA SAVINGS BANK,,1,
"ISUZU MUX - Model, 2016, engine no. 4JK1NH1-13261",,, chassis no. MPAUCR86GFT007523,,1,
LC200 LANDCRUISER,,,chassi #Jtmhvo1j2j4257151,,1,
Rosemarie Caburog / Victor Agapay,+63 917 532 4177 / +63 917 149 4401,,"CUC compound, Barrio Apopong, National Highway, General Santos City",,1,
kimgold cebu,cell# 0949-972-4282 /0933-817-0214 ,contact person- bibing,  #9 manunggal street singson village tipolo mandaue city,,1,
GREENWARE CUSTOMIZED SYSTEMS & PC ACCS. Attn: Daniel Sanchez 09178087520,,Ms. LANIE CERIACO,"J. NAVARRO ST., DISTRICT 12 , ORMOC CITY LEYTE",,1,
MICHAEL EUGENE G. MORALES,9059172581,MICHAEL EUGENE G. MORALES,BANGKO SENTRAL NG PILIPINAS N.S VALDEROSA ST. ZAMBOANGA DEL SUR BARANGAY ZONE Iii (Pob.),,1,
CEBU TITAN SURPLUS INC.,TEL. # (088) 852-4991,,"LAPASAN HIGHWAY, CAGAYAN DE ORO CITY",,1,
isuzu dmax RZ4E 4X2 2018,,,CHASSI#PABTFR87DH2000023,,1,
GEORGE GORDIEL,,,RUBY ST. GOLDEN VILL. SUB. CARMEN CAGAYAN DE ORO CITY,,1,
CHRIS DAVID (FB),9175358298,,1PRINCETON STREET BRGY. PINAGSAM TAGUIG CITY,,1,
ap cargo general santos city,,,0917-826-3519/0917-888-5147,,1,
JEMILYN SANTIAGO,,,,,1,
PUERTO AUTO SUPPLY,,,CAGAYAN DE ORO CITY,,1,
 ,,,,,1,
YASCO MOTOR PARTS CORP. ( MJ CUENCO ),255-1811/19 255-1810,ramon abcede (TIN #-004-268-535-00003),312-316 M.J CUENCO AVENUE 6000 CEBU CITY ,004-268-535,1,
miyaco auto supply (Patrick James Sinco),,,856 chavez st davao city  ,,1,
Louie John Delfin ,(0965) 926 5296,,BACACA ROAD BRGY 19B HILL SIDE DAVAO CITY,,1,
AA TYN building,,,246 A del Rosario Street Mantuyong Mandaue City.,,1,
Toyota vios 2019model,,,Chassis # PA1B18F31K4105877,,1,
NICK FERNANDEZ,9617825280,,ROGASIONIST PECHAYAN,,1,
5G AUTO PARTS TRADING,0931-981-1178,,19C TOPLAND DRIVE EVACOM SAN DIONISIO PARANAQUE CITY,,1,
JAYKINGS AUTO PARTS  ( JOEVANH DELA PENA ),0917-833-0097,JOEVANH DELA PENA,BRGY 4 NATL HIWAY SAN FRANSCISCO AGUSAN DEL SUR,,1,
seastar cebu,9258621116,,,,1,
MJS AUTO PARTS C/O MARANDING AUTO PARTS,,,DOOR 1 ANTO ROTCHA BLDG OSMENA ST. CAGAYAN DE ORO CITY ,,1,
CEBU SEASTAR,,,032-231-7302/03,,1,
HENRY T. MANEGO,,,P-6 GANGO OZAMIZ CITY MISAMIS OCC.,,1,
S.T. RUBBER FACTORY CO. LTD.,,Ms. Yong,THAILAND,,1,
GENCARS AUTO PARTS SUPPLY (MALAYBALAY),09354506278 (GLADYS),,BRGY 9 MALAYBALAY  CITY BUKIDNON,524-570-675,1,
BOBBY OCSO BUCOL,9238088921,,PUROK 13 CARCON VILLAGE BRGY LAGAO GENERAL SANTOS CITY,190-444-305,1,
MANNY SALVACIO ( Regence Sales and Services Inc.),9153522020,,"(Warehouse)  L.Lim Bldg. 2, M. Badelles St.,  Brgy. Poblacion, Iligan City  ",,1,
AutoWhiz Parts Center,,,"8WFG+WFP AutoWhiz Building, Lopez Jaena St, Mandaue City, 6014 Cebu",,1,
HPL AUTO PARTS SUPPLY,0968-8777-168,,118 R. MAGSAYSAY AVE. DAVAO CITY BRGY 30C,103-160-513,1,
HENRY LEONARDO C/O SOUTHERN UNION HARDWARE CORP.,905182975,,"I. SANTIAGO BLVD., GENERAL SANTOS CITY",,1,
VIRGIE CUE C/O SOUTHERN UNION HARDWARE CORP.,,,"I. SANTIAGO BLVD., GENERAL SANTOS CITY",,1,
JOHN LEE,9175540218,,"COURT OF APPEALS - MINDANAO XAVIER UNIVERSITY  GRADE SCHOOL CAMPUS  14TH St. Macasandig Cagayan de Oro City,   Misamis Oriental",,1,
GALEN GORDIEL,9177162003,,COUNTRY VILLAGE HOTEL  VILLARIN ST CARMEN  CDOC ,,1,
RYAN CHUA,9209784232,,C/O EXTENSIVE COMMERCIAL  40 A. Regidor St. Brgy Poblacion 4  Santa Cruz Laguna 4009,,1,
GANECO TRADING,9338663091,,DAVAO CITY,,1,
NORT BAY SUITES,TEL:228-1115,,BADELLES ST. ILIGAN CITY,,1,
JUN CHONG,,,"98-b isarog st. Brgy. Salvacion la loma qc,, corner calamba st. ",,1,
TOYOTA INNOVA NAE6450 ,,,,,1,
GIO - TOYOTA REVO,,,,,1,
BEARING MASTER IND'L SALES ,9177048848,,OSMENA ST. CAGAYAN DE ORO CITY,145-016-810,1,
SUPREME POWER CORPORATION,0976-003-7278,"Michael Daquiz 0905 590 8472 LBC waltermart,Capas,Tarlac ","18 ALUNAN DRIVE, POBLACION TACURONG CITY, 9800  SUPREME POWER CORPORATION",008-524-898,1,
Eliah auto part ,0975-333-7275,,Valencia city,,1,
ROSS JUSTINE NOVEROS,0961-664-6674,,SITIO DUROG MIAGAO ILOILO CITY,,1,
JAMES MORALES JR ,,,"#35 APT 4 ZONE SIKWA , PAKNAAN MANDAUE CITY, CEBU , VISAYAS",,1,
CHASE STEERING-RETURNS,,,,,1,
Doorway forwarder,8-567-5898 ARIEL,,1328 agoncillo st ermita manila //// 6355 fort center vitas industrial estate tondo unahan road10 ( gothong) 0991-564-9294 ( TOM ),,1,
JOEL CATINGAN,,,,,1,
christopher duhilag,,,Door 1 Evr bldg.  asialink finance corporation ac cortes  ibabao estancia mandaue city,,1,
TELENGTAN BROTHERS & SONS INC, ,,"TELENGTAN BLDG Km 14 Km 14 South Super Hi-way, Merville, 1700 City of Parañaque, NCR Fourth District Phillippines  La Suerte Cigar and Cigarette Factory  ",000-409-675,1,
Edwin Celestino,,,"26 Gen.Evangelista St. Malicsi I, Bacoor, Cavite.",,1,
RICO REBUYA,,,,,1,
JANETH BADANA,09231028856 09171330037,,130 U ALVIOLA ST. VILLA GONZALO II BRGY. TEJERO CEBU CITY,,1,
SUPREME POWER CORPORATION  C/o  Phil John Fernandez,,,"LBC waltermart,Capas, Tarlac  ",,1,
Michael Daquiz,0918 374 0276,,"LBC WALTERMART Capas,Tarlac",,1,
VARIOUS ONLINE LAZADA,,,,,1,
Frederick Sy c/o FDS auto solutions,9088128064,,", J. Solon Ext.,Kamagong, Lahug, Cebu City, 6000.",,1,
"JOESONS COMMERCIAL CO., INC. C/O ROSE JUEZAN LAPASAN",9257222654,,"OSMEÑA, CAGAYAN DE ORO CITY",,1,
"Transcor motors,inc",0917-7010288,,"Liroville st.(goldenfield commercial complex),singcang,bacolod city,",,1,
KYCIR AUTO SUPPLY,9532652273,,ZONE 8 POBLACION LAGUINDINGAN MISAMIS ORIENTAL,,1,
Karttekk automotive parts trading,09632615844/09679666881,,"Purok 1, lumbo valencia city  ",,1,
RGEL AUTO PARTS AND GEN MDSE,,,BUKIDNON,,1,
WYU-88 LANDCRUISER ( BOSS WARREN YU),,,,,1,
DARWIN DIVINO,9951492899,,"501 Guerrero St., Poblacion, Davao City (OFFICE ADDRESS. DELIVER MONDAY - FRIDAY, 8AM TO 4PM), Barangay 29-C (Pob.), Davao City, Mindanao, Davao Del Sur, 8000",,1,
TIKTOK SHOP,,ONLINE,,,1,
GRD AUTO PARTS SUPPLY,,," don juan subd. San carlos city 6127 negros occidental, Negros Occidental",425-778-713,1,
KAYE DELMONTE,,,GK TIMOTHY,,1,
BONHEUR MARKETING CORPORATION,,,La suerte Compound Km14 south superhighway west service road barangay merville paranque city,000-109-907,1,
RICHARD SANTIAGO,,,,,1,
LANGOYON AUTOPARTS ENTERPRISES CORP,0917-1644466 /09126338460,GARY BATAWAN,55B-STA ANA AVE DAVAO CITY  ,654-565-137,1,
MIKE DE TERA,,,"Lot 3, Block 4, Rio Street  Carmel Subdivision  Panapaan 1, Bacoor Cavite",,1,
MANUEL ONG C/O MALVIN ONG,,,EXPANDER-NAW7400,,1,
GOLF CART,,,,,1,
GENTRADE INTERNATIONAL PHILS. INC.,,,ALUNAN HIGHWAY POBLACION TACURONG CITY 9800 PHILIPPINES  TRANSCYLE,004-406-783,1,
REYNALDO C. DAMAS,0925-818-8776/9228158948,,"NATIONAL HIGHWAY TAGUM CITY, DAVAO DEL NORTE",,1,
MGA.414 CORPORATION ,,,"LOT 1-A NAIA AVENUE, SAN DIONISIO PARAÑAQUE CITY",010-268-633,1,
Supreme Power Corporation C/O Edralin Tac-an,Cont.09171048414,,"Purok Garfin, Barangay Paraiso, Koronadal City.",,1,
NEWBLOC CONSTRUCTION INCORPORATED,,,"17th floor BA Lepanto Building, 8747 Paseo de Roxas, Makati",009-873-476,1,
MICHAEL TOH,,,4 homonhon st Magallanes village makati city,,1,
1-SUPREME TRACTOR AUTO PARTS SUPPLY,,,102 RIZAL AVENUE EXTENSION CALOOCAN CITY,103-549-588,1,
FACEBOOK-SHARP CHOICE PARTS,,,,,1,
FACEBOOK-W68 AUTO PARTS,,,,,1,
FLASH-HUB,,,FLASH,,1,
CANOPUS TRANSPORT INC,,,"17th floor BA Lepanto Building, 8747 Paseo de Roxas, Makati City",010-785-368,1,
NISSAN NV350 2020 ENGINE #YD25069557B,,CHASSIS #JN1CL4E26Z0016667 ,,,1,
SUPREME POWER CORPORATION,09359194732 Roberto T. Panimdim,,"Libudon Road, Prk. Lower Dawan, Brgy. Dawan Mati City, Davao Oriental",,1,
Southern Luzon Light Industry inc.,,,"unit 908 Cityland 10 tower 2, H.V. Dela Costa st., Bel-Air, City of Makati, NCR Fourth District Philippines 1209",009-608-874,1,
JEBINE ENGINE HOUSE,,,SAGAY CITY,,1,
Rogelio semillano,9109089679,,RIZAL LACSON ST Bacolod city,,1,
FMCSi,,,Pateros Manila,008-648-122,1,
PEPO,,,"SIV, Virac, Catanduanes",,1,
JAMES ONG,0918-9393938,,"7 Cicca St.,  North Town Homes Subdivision,  Cabancalan, Mandaue, Cebu",,1,
 IEP Trucking & General Services,,,Calamba City,211-140-141,1,
RL AUTOPARTS ,,,"Cabrera St,. Tandag City",939-013-223,1,
MMP Awards Specialist,,,,201-836-120,1,
Hanna Miniano,,,QUEZON CITY,,1,
Asaph Adigue,,,"Bacoor, Cavite",306-084-088,1,
JCA AUTO SHOP C/o Clint Del Rosario,9568219454,,NANCAYASAN URDANETA CITY PANGASINAN,,1,
Paul Acha c/o Kelvin Parreño ,Tel no. 09310525916,,"Car Care 101  Lot 26-32 Kamunsil St.  Brgy Villamonte   Bacolod city, neg occ ",,1,
ALL SENSOR NO WARRANTY,,,"Electrical parts are non-returnable. All sales are final. No refunds, exchanges, or returns will be accepted.",,1,
Universal Feedmill Corporation,,,"2nd flr. Adm bldg. Northroad, Consolacion, Cebu, Visayas, 6000",001-839-142,1,
Caroline Aguilar Penaranda/Christian Penaranda,,,,,1,
REMINDER THROTTLE BODY,,,"Reminder: New Throttle Body needs relearning or programming process, pls make sure your technician or programmer knows how to perform this procedure, this is a NON RETURNABLE item once installed, pls be guided  thank you",,1,
EDISON UY,9532107806,,"I. SANTIAGO BLVD., GENERAL SANTOS CITY",,1,
A.P Heavy equipment repair services co.,,,995 LOT 108B QUIRINO HIGHWAY NOVALICHES PROPER 1123 QUEZON CITY NCR SECOND DISTRICT PHIL.,641-886-607,1,
RJ AUTO SUPPLY,09079074330/09385897144,,"DOOR1 ,65 LUZURIAGA ST BRGY 25 , BACOLOD CITY",,1,
GIORDAN,,,SAN PABLO CITY,,1,
ALBERT SAMONTE,,,DAVAO CITY,,1,
Wilmer Magallanes,9399237226,,,,1,
"STELLAR AGRO-INDUSTRIES, INC",,,LIBURAN BAUNGON BUKIDNON CITY,655-123-609,1,
NARVA AUTO PART,,,CAGAYAN DE ORO CITY,446-119-227,1,
FORD EXPLORER 2012 V6 plate no: TIQ783,,,CHASSI-1FMHK8F89CGA27200,,1,
ERRIENE YU,,,PARANAQUE CITY,,1,
TOYOTA AVANZA 2013 1NR ,,,CHASSI-,,1,
CENTRAL UNIVERSAL CORPORATION C/O  Tarzanie Fin Kyamko ,9759750975,,Brgy. Apopong sinawal national highway   General Santos city      09759750975,,1,
Francis Recabo,9056858829,,"Olis street Barangay 4 Tanjay City, Poblacion Iv (Barangay 4), Tanjay City, Visayas, Negros Oriental, 6204",,1,
Samson Peña,,,Lipa city bats,,1,
TRIPLE K AUTO PARTS SUPPLY ,,,LUZURIAGA ST. GPM BUILDING BRGY 29 BACOLOD CITY,,1,
ONE ALLIANCE MOTOR SOURCE INC,,,1232 UNITED NATION AVE. PACO MANILA,008-128-899,1,
GOLDEN PHALANX ENTERPRISES ,,,GUSA CAGAYAN DE ORO CITY,937-710-653,1,
POET LOGISTICS SERVICES,,,"Blk 5 Lot 17, Rosedale Heights Subdivision Brgy. Poblacion, Malvar, Batangas",313-822-711,1,
Head Office -  Davao TRANSCYCLE YAMAHA BAJADA ,,," 2ND FLOOR, UNIT 1 & 2 GGO SUMMIT BLDG. JP LAUREL AVE. BAJADA DAVAO CITY",,1,
R&D Solar Power Engineering Services,,,"Zone 7, Brgy. Pag-asa, Bansud, Oriental Mindoro",452-167-553,1,
CHRISTOPHER MANGON,,,,,1,
AULS LOGISTIC INC,,,UNIT FINLANDIA RESIDENCE VOLTA STREET MAKATI,661-026-434,1,
FJK AUTO SUPPLY AND GENEARL MERCHANDISE,,,FJK BUILDING ALUNAN HIGHWAY TACURONG CITY RESTITUTA L. ARGUELES ,948-743-466,1,
Rasylane S. Maquilan,,,"Mankilam, Tagum City, Davao del Norte",768-200-710,1,
OCEANEERING CONTRACTORS PHILS INC.,,,ANGELES CITY PAMPANGA PHILIPPINES,000-414-021,1,
HANDIWORX MAX INC.,,,"GOVERNOR DRIVES LANGKAAN II 4114 CITY OF DASMARIÑAS CAVITE, PHILIPPINES",673-496-222,1,
power-up tires battery & auto supply corp.,082-225-0281 Contact Person: Larry Laran,,Chavez st. Davao City,,1,
MAXIE NAQILA,,,PETRON MARCOS ALVAREZ AVE. TALON 1 LAS PIÑAS,,1,
YASCO MOTOR PARTS CORPORATION ,0995-522-1019,,CMVCU COMPOUND SITIO LIBU TAYOD CONSOLATION CEBU CITY,,1,
INNOVA DAVAO RETURN ITEMS,,,,,1,
XPANDER NAW7400,,Ms. Sharmaine,,,1,
FREIGHT SEASTAR,,,,,1,
LUKE SO ( HILUX 2010),,,,,1,
MALALUAN AUTO PARTS,,,Binan laguna,182-140-198,1,
PHIL SALAMAT,,,,,1,
Machine-Aid Tech Phils. Inc.,,,"B7 L28 A. Posadas Ave. Don Juan Bayview Subd. Sucat, Muntinlupa",000-130-106,1,
ERNIE DUE,,,PARANAQUE CITY,,1,
