supplier_code,name,contact_person,contact_number,email,address,tin,telefax,payment_terms,status
00000001,KIMASIA MERCHANDISING,JOSEPH VIBER-0933388-8666/09274537453,BDO 276-017-8508,,22 MAPALAD ST. SAN FRANCISCO DEL MONTE QUEZON CITY      BDO 002760178508  ,440-381-603,234-9144/45/46,,Active
00000002,CELICA MOTOR SALES CORPORATION,EDWRD / 30DAYS ORIG,716-1020,,"119 ARANETA AVE., QUEZON CITY",000-393-300-000,716-1404,,Active
00000003,JAPAN PARTS TRADING CENTER,maam beth,255-777 / 544-4276/357-1577,,1273 CLARO M. RECTO AVE. STA. CRUZ MLA.,103-921-117-000,253-0251,,Active
00000005,VISCO MOTOR SUPPLY CO INC,,365-3625,,"19 BINMACA ST., QUEZON CITY",000-832-644-000,362-4684,,Active
00000006,JAM MOTOR PARTS SALES (JIREH AUTOMOTIVE MOTOR PARTS CORP),,845-1773 / 2968,,"# 505-A EDSA PASAY CITY, METRO MANILA",109-919-213-000,845-1773,,Active
00000007,KINGSWEALTH INTERNATIONAL TRADING CORPORATION,RAMON,412-5474,,"397D BANAWE ST., QUEZON CITY",,412-5412,,Active
00000008,GRANDPRIX INDUSTRIAL SALES,,255-9852 / 9853,,"2141 TOMAS MAPUA ST., STA. CRUZ MANILA",000-327-020-000,255-9854,,Active
00000009,FEDCHEM MARKETING,,334-1664 / 1662,,51 JOY ST. GRACE VILL. BALINTAWAK Q. C.,,,,Active
00000010,DAV COMMERCIAL,,363-0855 / 0857,,,,,,Active
00000011, FOXSON TRADING (FOXSTONE TRADING),,523-0382,,"2118 LEON GUINTO ST., MALATE MANILA",,525-5864,,Active
00000012,BINDY PARTS CORP.,GLENN / ALLAN,244-8073 / 8075,,1246 SOLER COR. BENAVIDEZ ST. BINONDO,000-330-686-000,244-8063,,Active
00000013,V T ENTERPRISES,BENITO,254-9184,,"1140 AGUILAR ST., BINONDO MANILA",104-012-185-000,254-8598,,Active
00000014,SUPER CENTERMARKETING VENTURE CORPORATION,LIN,912-0287,,"20 MIAMI ST., QUEZON CITY",231-743-839-000,912-0273,,Active
00000015,GOLD MEDAL ENTERPRISES INC ( COMMERCIAL ),NORA,743-1835 / 0137,,(COMMERCIAL )30 KITANLAD ST. QUEZON CITY,200-641-257-000,413-3156,,Active
00000016,DRICO MARKETING CORP.,JHONNY,244-2172 / 2176,,"835 ALVARADO ST., RM.101 BINONDO MLA.",002-283-666-000,244-0217,,Active
00000017,MYCAR MOTOR PARTS,jerve,8356-3657,,1449-Pedro Gil st Paco Manila,,LESS 20% 5% X 7,,Active
00000018,DCJ Enterprises (LA UNION ENTERPRISES),,733-5851 / 5866,,"827 ESPELETA ST., STA. CRUZ MANILA",105-173-533,,,Active
00000019,ENG AN ELECTRICAL SUPPLIES INC,LAURA  BDO 000570062918,740-1282 / 1286,,"221-A KANLAON ST., QUEZON CITY ( BDO - Quintin Paredes Branch  Acct # 570062918)",,742-6598,,Active
00000020,"YOUNGBROS PARTS CENTRE, INC",,712-0226 / 0210,,"BANAWE ST., QUEZON CITY",,732-9803,,Active
00000021,PROMAX TRADING CORPORATION,GEORGE  ,831-2472,,GCASH 09178811029 LEA POH,,,,Active
00000022,NISSAN GALLERY (MGM MOTOR TRADING INC),EMIL,743-0093,,QUEZON AVE QUEZON CITY  BDO 000578043336,002-919-431,,,Active
00000023,METRO PRO,,252-5564,,"2439 TINDALO ST., TONDO MANILA",,252-5564,,Active
00000024,MITZUTOYO,,242-9584,,,,,,Active
00000025,MULTILINE  (HONDA),,712-0309,,,,,,Active
00000026,ASIAGLOBAL INTERNATIONAL COMPANY/LUXEMBURG,GILBERT,8-711-3992/8-256-4868/8442-4479,,"1428A RIVERA ST., TONDO MANILA",007-616-585,,,Active
00000027,"GENCARS, INC.",,819-1213,,2113 PASONG TAMO COR DELA ROSA STS MAKATI CITY BDO 00694-001-0881    ,000-120-732,,,Active
00000028,GEO PARTS,,364-9924 / 9939,,"27-J PENEDA ST., BALINTAWAK Q. CITY",,,,Active
00000029,FRESHMAN MARKETING,CHARLIE,749-0111,,"18 UBAY ST., QUEZON CITY",,741-3264,,Active
00000030,AUTO SHAPE,,372-5243,,"2203 LEYTE ST., SINGALONG MALATE MANILA",,373-8006,,Active
00000031,NRC SALES CENTER,,254-9401 / 1529,,2320 IPIL ST. STA. CRUZ MANILA,103-905-842-000,,,Active
00000032,"JR MULTI-BUSINESS RESOURCES, INCORPORATED",,732-4870,,#111 DON MANUEL ST. STA. MESA HEIGHTS,004-817-264-000,743-0269,,Active
00000033,CITIMOTORS,,817-7052 / 5264,,PASONG TAMO ST. MAKATI CITY,,,,Active
00000034,COMPUTECH,LINO,834-4441,,,,837-4309,,Active
00000035,SEIWA AUTOMOTIVE SUPPLY ,RAMON TAN (PROP),,,57-G BANAWE ST QUEZON CITY ( SI ) ( BDO-002230085928  antonio tan,104-027-462,,,Active
00000037,EXCELSIOR,,743-0067 / 0064,,,,712-9694,,Active
00000038,EMERALD,BOY,740-7272,,"180 BANAWE ST., QUEZON CITY",,,,Active
00000039,E. BROS,REY,742-1704,,,,,,Active
00000040,FKTS AUTO SUPPLIES,RANNIE,682-8871,,PHASE 9 GREENPARK VILL. CAINTA RIZAL,913-230-499-000,682-8871,,Active
00000041,FULLNESS PARTS SUPPLY,GAVINO GAN,365-7151,,"32 SANTA ROSA ST., QUEZON CITY",,,,Active
00000042,FORD MAKATI,,818-5555,,"2245 PASONG TAMO COR SABIO ST, BARANGAY. BANGKAL MAKATI CITY",,,,Active
00000043,FORD UN,,562-5555,,UN AVENUE MANILA,,562-8985,,Active
00000044,GOODGEAR VEHICLE PARTS,RAFFY  BDO 005290095013,833-8382 / 8833-0561,,"8682 TAFT AVE., PASAY CITY   BDO 005290095013",155-698-000-000,833-8411,,Active
00000045,JAYSON AUTO PARTS CENTER,BDO 002240053301,253-5213 / 6733,,1540-1542 A. RIVERA ST. TONDO MANILA,000-330-572-000,251-5965,,Active
00000046,WHEELS INC ( SUZUKI ),mau ( account# 003660103696 bdo ),8984-1383 / 721-1607 / 1803,,E. RODRIGUEZ AVE QUEZON CITY,000-390-549,721-8456,,Active
00000047,WALCO MOTOR,,712-2387 / 1489,,"17 BANAWE ST., QUEZON CITY",,,,Active
00000048,USC CHEMICALS,,643-3781 / 3729,,,,643-3740,,Active
00000049,UPTOWN INDUSTRIES,CHIT,631-8366,,"MADISON ST., MANDALUYONG CITY",,,,Active
00000050,TEIKOKU,,254-0110,,,,,,Active
00000051,TAMARAW ENT,,242-5662,,BINONDO MANILA,,,,Active
00000052,TOYOTA OTIS,,564-1811 / 1820,,"1770 PAZ M. GUANZON ST. , PACO MANILA",,564-0436,,Active
00000053,SIMART,,363-5812,,,,365-8732,,Active
00000054,RAIN ENTERPRISES,JOCELYN,741-7254,,"16 PITACION ST., MARULAS, VALENZUELA",156-947-364-000,951-6759,,Active
00000055,NATION AUTOMOTIVE,,293-6150 / 6577,,,,,,Active
00000056,MANILA K PARTS CENTER,,724-7597 / 7598,,205 A.MABININCOR  P.BURGOS SAN JUAN METRO MANILA,,,,Active
00000057,HOMER TRADING,,939-1472,,,,962-3731,,Active
00000058,HONDA CARS MANILA,ART / CLEO,562-2505 / 4548,,PAZ GUANZN ST. PACO MANILA,, 562-2505,,Active
00000059,ISUZU SALES PHIL'S,,244-8384 / 8432,,950 BENAVIDEZ ST. STA. CRUZ MANILA,,244-8288,,Active
00000061,BINAS AUTO SUPPLY,,254-8501 / 8502,,CM RECTO AVENUE STA. CRUZ MANILA,,,,Active
00000062,CROSSWIND / ZAKCAR,,817-0560,,MAKATI,,,,Active
00000063,CHING SON SENG,,244-2024 / 2020,,BENAVIDEZ ST. STA. CRUZ MANILA,,,,Active
00000064,D' TONY'S AUTO SUPPLY,,253-3451,,CM RECTO STA. CRUZ MANILA,,,,Active
00000065,DELTA MOTOR,DING,911-0768 / 0769,,"96 MIRASOL ST., CUBAO, QUEZON CITY",,,,Active
00000066,FELSON AUTO SUPPLY,,833-3302 / 9231,,"TAFT AVENUE, PASAY CITY",,,,Active
00000067,PASAY JETCO,,551-5916,,TAFT AVENUE PASAY CITY,,551-1785,,Active
00000068,ROS ENT.,,,,,,,,Active
00000069,UNION MOTOR PARTS,,563-5671,,1760 P. GUAZON ST. PACO MANILA,000-347-994-000,563-5691,,Active
00000070,P. I. TRACTOR,,363-5156,,303 RIZAL AVE. EXT. GRACE PARK CAL.,,361-1281,,Active
00000071,MASSIVE PARTS INC (OFF ROAD MOTOR PARTS) ,DANG   bdo 000570092728,253-4048  253-4193,,"2815 JOSE ABAD SANTOS AVE., TONDO MANILA  OFFROAD TIN - 103-878-449-000          BDO 000570118700",241-692-058-000,253-1335,,Active
00000072,STOCK TRANSFER,,,,OFFICE,,,,Active
00000073,WC MOTOR PARTS ,,820-2586,,"8165J DR. A SANTOS AVE., PARAÑAQUE CITY",,,,Active
00000074,LOCHI MARKETING,,734-3265,,"3318 BATAAN ST., BACOOC STA. MESA",,734-6168,,Active
00000075,MILLERS HARDWARE,,,,"#716 FLORINTINO ST., STA. CRUZ MLA",,,,Active
00000076,VENLY,,242-0124,,"550 PLAZA CALDERON ST., BINONDO MLA.",,241-9412,,Active
00000077,RODMAR,,660-0421,,"# 3 SAMPAGUITA ST., GREGORIA HIEGHTS",,,,Active
00000078,CEBU ISUZU,,,,CEBU CITY,,,,Active
00000079,GUTHRIE MARKETING,YOLLY  bdo 0260032700,8656-5083 7239-8130,,201 N. DOMINGOST ERMITANO SAN JUAN CITY         BDO 000260032700,103-920-999-00,244-1118,,Active
00000080,LINCONLYN AUTO PARTS TRADING (LINCONLYN GENERAL MERCHANDISE),,8-293-6445 8293-2664,,"1781D ESPAÑA ST., SAMPALOC MANILA",,82936445 79668534,,Active
00000081,J-MAC,MALOU / ALBERT CO,711-4506,,"12-A PASIAN ST., TALAYAN VILL. ARANETA",,77-2801,,Active
00000082,STAR ENT.,,,,,,,,Active
00000083,LCL INDUSTRIAL SALES,LITO,221-3544,,ILSI BLDG. PICHON ST. DAVAO CITY,,226-4499,,Active
00000084,RUBBERSTAR MARKETING (UNI-PARTS),,,,"# 1970 CALATAGAN ST., PALANAN MAKATI",,,,Active
00000085,HSIANG CHIRS A/P,,412-9898,,# 17 D. CARDIZ ST. BRGY. QUEZON CITY,,413-8655,,Active
00000086,KIMJAN SALES CENTER,CHUA KIM SY,929-1642,,"47B MINDANAO AVE., QUEZON CITY   METROBANK 339-7-33951882-0",164-229-297,927-2454,,Active
00000087,YCB ENTERPRISES,SIMON YU,346-1140,,"DANAO CITY, CEBU",,346-1140,,Active
00000088,UNIVERSAL MOTORS CORP,JUDITH GARCIA,810-0151,,"2232-2234 CHINO ROCES AVE. , MAKATI CITY",000-150-022-000,750-2451,,Active
00000089,PILHINO SALES,,634-3451-58,,EDSA COR. MADISON ST. MAND. CITY,,631-5315,,Active
00000090,A.M. STARLUCK MERCHANDISING CO INC,GRACE / JUDIE,252-9664 / 53,,#1145 AGUILAR ST. STA. CRUZ MANILA bdo#2050000940,203-977-805-000,253-0526,,Active
00000091,IZUMOTO AUTO PARTS,JOAN,241-1872/3005,,# 1249 SOLER . BINONDO MANILA,,,,Active
00000092,SOLAR FOUNDRY,,,,,,,,Active
00000093,FUJIYAMA INDUSTRIAL,JC,294-1825 / 62,,P. GREGORIO ST. VALENZUELA CITY,190-524-079-000,294-1333,,Active
00000094,PATHFINDER AUTO SUPPLY,,,,"# 1655 F. YUSECO ST., STA. CRUZ, MANILA",,,,Active
00000095,CARABELLE IMPORT ENTERPRISES,,,,ESPAÑA ST. SAMPALOC MANILA,111-311-398-00,,,Active
00000096,KARRGLASS,,732-7351,,"385-A BANAWE ST., QUEZON CITY",204-880-772-001,,,Active
00000097,CAR POWER,,831-7583,,"2754 TAFT AVE., PASAY CITY",100-056-681-001,,,Active
00000098,BAY COMMERCIAL,,,,,,,,Active
00000099,RUBY RED CONSTRUCTION SUPPLY,ROBERT,,,E. RODRIGUIZ ST.,115-158-689-357,,,Active
00000100,PRIMER INTERNATIONAL,,244-1226,,"# 860 REINA REGENTE ST., BINONDO MLA.",,244-1230,,Active
00000101,ROVER PARTS SALES & SERVICE CO. INC,roverparts_ph@yahoo.com,924-5973,,"# 120 VISAYAS AVE., CULIAT Q. C.  ACCOUNT NO. : 001070033853 BDO SAVINGS",,924-5972,,Active
00000102,CEBU SERVICE PARTS INC.,,032-346-8827,,"SINGSON VILLAGE., MANDAUE CITY    BDO  000850105838  ",,,,Active
00000103,HRC AUTO SUPPLY,,712-0303,,# 51 BANAWE ST. QUEZON CITY,,,,Active
00000104,SBK INT'L. TRADING,GINA,363-9901/9902,,# 105 MARIO PONCE ST. B.BARRIO,106-558-169-000,365-9085,,Active
00000105,SEIWA XXXX,JR,732-5706,,"37G BANAWE ST., QUEZON CITY",,732-5308,,Active
00000106,GLOBAL CITY AUTO SALES INC.(FORD),CYRIC (BDO#553-000-8489) (PBI# 991-003088),860-888 LOCAL 8-131/8124,,TAGUIG METRO MANILA,,007018009597 BDO,,Active
00000107, AUTOPHIL ZONE SALES CORP ( SYCAN / AZSC) LUC AUTO SUPPLY,MARIVIC BDO 0086-780-10808 (kate),254-8546,,"1133G MASANGKAY ST., SANTA CRUZ MANILA",,251-0520,,Active
00000108,NEW MJC TRADING,,361-9775,,"# 3462 G. SANTIAGO ST., TONDO MANILA",110-785-411-000,366-6507,,Active
00000109,MVNC,,941-9737,,SAN MATEO RIZAL,,475-1749,,Active
00000110,YUTIAM HARDWARE,,,,TOMAS MAPUA,,,,Active
00000111,PHIL ALL TRAC,,,,"STA. ANA AVE., DAVAO CITY",,,,Active
00000112,ANSON,,254-2232,,"1505 BATANGAS ST., SANTA CRUZ MANILA",000-326-690-000,,,Active
00000113,BLAZER CAR MARKETING INC,ROBERT, +63 (2) 8 732 7541,,"66Q KITANLAD ST., QUEZON CITY",000-401-589-000,,,Active
00000114,UNICO,,,,ONGPIN,,,,Active
00000115,STYLIST MKTG.,,292-9013,,"# 83 CABRAL ST., MAYSAN VALEZUELA CITY",,,,Active
00000117,1TENACITY,,,,TAIWAN,,,,Active
00000118,UNION JECK,,,,TAIWAN,,,,Active
00000120,"1LU CHOU MACHINE CO., LTD",,,,TAIPEI TAIWAN,,886-6-2602-2102,,Active
00000121,EURASIA INTERTRADE INC. (VOLKSLINE COMMERCIAL INC.),INTER.EURASIA2023@GMAIL.COM,8-733-9635 / 8-735-6274 / 8-734-0254,,#59 GROUND FLOOR 16TH AVENUE CUBAO QUEZON CITY,,09276942151 /09951162639,,Active
00000122,1GURUBE INTERNATIONAL CORP.,,886-2-2763694,,"TAIPEI, TAIWAN R.O.C.",,886-2-27603477,,Active
00000123,CAMBRIDGE MOTOR PARTS SALES INC,,8-541-5745,,"819 Romualdez St cor Trini St, Ermita",234-882-657-000,0917-525-8491,,Active
00000126,VITON ENTERPRISES,,921-4395,,"11A PEARL ST., TANDANGSORA QUEZON CITY",,454-1450,,Active
00000128,DRAGON STAR MARKETING INC.,,(742-1743),,30F BANAWE Q.C,,,,Active
00000129,XXXXALPHA SUMMIT ENTERPRISES ,,480-2709,,1781D ESPAÑA ST. SAMPALOC MANILA (K & K),,732-5201,,Active
00000130,AUTOLIGHT XPRESS CORPORATION,2580162883,,,BINONDO MANILA,,,,Active
00000131,MANILA BEARING CENTER,,495-2253,,"# 908 T. PAPUA ST., STA. CRUZ MLA.",,,,Active
00000132,FORT TRADING,Bpi 4759213101,244-8576/9439,, 27C Kabignayan st. Bgry tatalon Qc malapit sa banawe kay fronte,,244-0541,,Active
00000133,SADIK AUTO PARTS SUPPLY,,   (02)412-9898,,"#35 STA. ROSA, BRGY. MANRESA, Q.C.",,,,Active
00000134,"ART MEDIA PRINTING PRESS, CO.",EDDIE,733-3287,,"1336 SOLER ST., BINONDO MANILA",,,,Active
00000135,GEMINI PART CENTER,,,,"GROUND FLOOR, GEMINI BUILDING CEBU CITY",,,,Active
00000136,METRO CARDEX INC./BESTAT AUTOPHIL CORPORATION / YAMATA,,364-4204,,"115G ROXAS ST., QUEZON CITY         BDO 001360242552",220-046-870-000,364-7387,,Active
00000137,TYC HOCKSON,,254-9085,,"1137C RECTO AVE., SANTA CRUZ MANILA",,255-4022,,Active
00000138,SUPER POWER A/S $ GEN. MRCDS.,,,,SAN DIONISIO PARAÑAQUE CITY,,,,Active
00000139,REALSON AUTO SUPPLY,,224-0007,,"ILSI BLDG. A PINCHON ST., DAVAO CITY",,,,Active
00000140,HERCO TRADING INC,MITO,,,"257 JUAN LUNA ST BINONDO , MANILA",000-326-761,,,Active
00000141,TWIN RICH,,242-0355,,"438 PINPIN ST., BINONDO MANILA",237-065-685-000,,,Active
00000142,RNY AUTO PARTS SALES,,640-2329 /  8985-6834 / 244-1838,,"971, G. Masangkay Street, Binondo, City of Manila 1006 Metro Manila",,8244-1838,,Active
00000143,TRUE FORCE MARKETING ( EXACT SALES ),,716-5250,,G. ARANETA,,,,Active
00000144,MLCT CAR DE LUXE MRKTG.,,732-6195,,QUEZON CITY,,,,Active
00000145,ENZO PARTS,,0916-244-6142,,"GATCHALIAN SUBD., LAS PIÑAS CITY",,,,Active
00000146,MULTIPARTSBOY INC.,,732-4216,,TATALON QUEZON CITY,,731-9344,,Active
00000147,SOUTH EAST,,,,,,,,Active
00000148,HAP SUY HARDWARE CO INC.,JASMINE/ CRISEL,,,314 san nicolas st. binondo manila /BDO ACCT # 000570233887,000-321-995-000,,,Active
00000150,RAM COMMERCIAL (RUPERT) XXXXXXXXX,,,,"BAMBANG, STA. CRUZ, MANILA",,,,Active
00000151,CONQUEST AUTOMOTIVE PARTS OPC (LEVIN AUTOMOTIVE PARTS),001211135304BDO,,,"95-A BANAWE ST., SAINT PETER QC",,,,Active
00000152,NEW NISMAN COMMERCIAL CORP,,,,,,,,Active
00000153,FUMIKO SKYLINE,,415-0438,,"58 MALAC ST., MASAMBONG QUEZON CITY",,,,Active
00000154,OLD TOWN AUTO SUPPLY,,523-6880/63,,"1452 SAN MARCELINO ST., PACO MANILA",140-522-583,,,Active
00000155,JYG SALES,,,,,,,,Active
00000156,CRUISER PARTS CENTER,,820-2663,,"SUCAT., PARAÑAQUE CITY",,,,Active
00000157,TWR MOTOR PARTS,,724-0756,,"1874 N. DOMINGO ST., SAN JUAN PASAY CITY",131-396-073,722-5786,,Active
00000158,SOUTHERN AUTO SUPPLY Inc. (ACCOUNT 004568006113),ODETH,244-77-74,,BINONDO MANILA,,244-52-03,,Active
00000159,STICKERASIA CO INC,MILES,880-1884,,"303 a. del mundo st. 7th ave, caloocan city  PNB 103570002389    METRO 0047004549542",,990-7858,,Active
00000160,BONIFACIO A/S,,363-7106,,"BALINTAWAK, QUEZON CITY",,361-7206,,Active
00000162,WAS AUTO SUPPLY,,712-3112,,"128 BANAWE ST., AUEZON CITY",,,,Active
00000163,SIMPLEX INDUSTRIAL CORP.,,244-1942,,BINONDO MANILA,200-871-429,,,Active
00000164,THUNDER AUTOMOTIVE PARTS INC (GLOBAL SOURCE CORP.),BDO 001178016477,244-7705 / 01,,"MASANGKAY ST., BINONDO MANILA  BDO#0011-7001-5881",,243-4425,,Active
00000165,1ROTARY TRADING CORPORATION,JOSEPH,776-8663,,"112D DOÑA SOLIDAD AVE., PARAÑAQUE CITY",006-864-709-00,0917-631-3826 jona,,Active
00000166,MERALCO,,,,,,,,Active
00000167,SOMITOMO,,829-4395,,"SUCAT., PARAÑAQUE CITY",,,,Active
00000168,WURTH,,886-5984,,,,,,Active
00000169,"MULTINATIONAL VILLAGE HOMEOWNERS ASSOCIATION, INC.",8400-8783,824-9349/824-5721,,,,821-0471/2815,,Active
00000170,CL50 POWERTRAIN ENT.,,,,,,,,Active
00000171,CJS COPY CENTER,mam sally,9154401384,,,,,,Active
00000172,STAR ACE STATIONARY,,,,,,,,Active
00000173,"PENCILTHRUST ENTS, INC",,,,YUCHENGCO ST BINONDO MANILA,008-838-635,,,Active
00000174,1CHASE STEERING,CHESTER LIN,886-2-28231114,,A/C 010-10-499523  TAIWAN,,886-2-28271875,,Active
00000178,BIR SUNHUAT,,,,,,,,Active
00000179,COMMUNICATION  - PLDT INC.,,,,,,,,Active
00000181,HALDEN GALWAY INTERNATIONAL CORP.,"CARLA less 25 , 12 , 5 %",244-5538,,123 apo st. sta mesa heights qc,231-491-014-000,245-4818 (MALAPIT ENG-AN),,Active
00000182,Elmer - printer technician,,,,,,,,Active
00000183,SALARY,,,,,,,,Active
00000184,SALESMAN EXPENSES,,,,,,,,Active
00000185,DYLANI ZERNA,,,,,,,,Active
00000186,COMMUNICATION-SUN/GLOBE,,,,,,,,Active
00000187,COMMUNICATION GLOBE,,,,,,,,Active
00000188,TRANSPORTATION,,,,,,,,Active
00000189,MAINTENANCE,,,,,,,,Active
00000190,COMPUTER-TREBLINK,,,,SUCAT,,,,Active
00000191,EQUIPMENT,,,,,,,,Active
00000192,MOTORCYCLE-SYM,,,,,,,,Active
00000193,ENTERTAINMENT,,,,,,,,Active
00000194,VARIOUS,,,,,,,,Active
00000195,VALZEN,,829-8646,,"6768 ELON ELON ST., PARAÑAQUE CITY",202-543-164-000,,,Active
00000196,DANBROS,,,,"BNT BUILDING REAL ST., LAS PIÑAS CITY",103-338-653-000,,,Active
00000197,RJFG,,,,"B10L1 REAL REVEAL SUBD., BACOOR CITY",218-282-365-000,,,Active
00000198,BENSCO,,,,"SAN ANTONIO AVE., PARAÑAQUE CITY",184-965-798-000,,,Active
00000199,MEKA,,,,"8116 DR. A SANTOS AVE., PARAÑAQUE CITY",145-806-295-000,,,Active
00000200,UNITED POWER HARDWARE,,7335314-15,,681 T  ALONZO STA CRUZ MANILA,,,,Active
00000201,MOTORMALL -MM,RONALD MERALLES,5716870-76,,100 E RODRIGUEZ JR AVE C5 UGONG PASIG,006-734-687-000,5718715,,Active
00000202,UNITRADERS ALUMINUM & GLASS,,,,,,,,Active
00000203,GREEN PARTS AUTO SUPPLY,METRO bank: 065-7-065514237,855-7513,,"# 74 WILLIAM UY CONSTRUCTION BUILDING UNIT 2201-2203 F.B HARRISON ST. CORNER ROBERT ST., PASAY CITY",461-086-032-000,,,Active
00000204,VERITAS INDUTRIAL SALES,,244-8388,,"40 JUDGE J. LUNA ST., QUEZON CITY",000-368-131-000,,,Active
00000205,WYLEY,,741-1421,,"395 BANAWE ST., QUEZON CITY",238-855-881-000,414-6662,,Active
00000206,GREAT SEA,,364-9810,,"158 RIZAL AVE., CALOOCAN CITY",140-424-119-000,,,Active
00000207,IZUPARTS CENTER INC,,361-3607,,"207 7TH AVE.,COL.DEL MUNDO STREET CALOOCAN CITY",000-296-802-000,361-7296,,Active
00000208,PROFESSIONAL FEE,,,,MICHAEL,,,,Active
00000209,MNM TRADING CORPORATION,,713-5268,,67 BRIXTON HILLS ARANETA AVENUE QUEZON CITY    TYE-STAR STOCKIST CO,210-736-296,715-4018,,Active
00000211,SSS ,,,,,,,,Active
00000212,RM MACHINE SHOP,,,,,,,,Active
00000213,MARIAN - BIR,,,,,,,,Active
00000214,AKAYA MARKETING CORPORATION,411-4415,371-77-93,,"45 zorra st. Brgy. Paltok, San francisco del monte, Quezon City",109-903-222,371-0454,,Active
00000215,TRAVEL EXPENSE,,,,,,,,Active
00000218,CITIHALL-MSYU,,,,,,,,Active
00000219,CYLINDER HEAD ENG.,PATTY,86-2032981989,,TAIWAN,,86-20-32631330,,Active
00000220,OFFICE WAREHOUSE,,,,SM,,,,Active
00000221,"WEI YU PRINTING CO., LTD",,,,TAIWAN,,,,Active
00000222,TRAVEL COST,,,,,,,,Active
00000223,NEW REGENT LUMBER/HARDWARE,,8290256,,DR A SANTOS AVE,,,,Active
00000224,PACKWARE PHILS. INC.,,,,Unit 2006 cityland 10 tower 2 hv dela costa ext Salcedo Village Makati city 88128086 for for Ria or Joeross Rosete 0922 859 63 84,000-137-425-000,,,Active
00000225,3 IN 1 MARKETING,,032 346-0171,,CEBU CITY,,,,Active
00000226,PHILHEALTH-SUNHUAT,,,,,,,,Active
00000227,SEC,,,,SECURITY EXCHANGE COMMISSION,,,,Active
00000228,PHILHEALTH,,,,,,,,Active
00000229,UKR-555,,,,,,,,Active
00000230,SUCAT PACKAGING & PLASTIC CTR,,,,DR A SANTOS AVE SUCAT PARANAQUE,214-913-485,,,Active
00000231,FOODS,,,,,,,,Active
00000233,EVERSPARK,COCO,+6075981118,,"PLO 222, JALAN CYBER 14 KAW PERINDUSTRIA",,+6075983654,,Active
00000234,NEW SPEC COMPUTER SYSTEMS,3138168,,,ALVAREZ ST COR P. GUEVARRA STA CRUZ MANILA,,,,Active
00000235,SILVER PINNACLE ENT ( FOR INVOICE ISSUANCE ),,,,,,,,Active
00000236,PROFESSIONAL FEE,,,,MARIAN - BIR,,,,Active
00000237,PROFESSIONAL FEE,,,,MANNY NAGAYA,,,,Active
00000238,MEGA COOMUNICATION INDUSTRY CO,SOPHIA,,,"11,LANE 556,SEC 2,CHUNG SHAN ROAD, TAIWA",,,,Active
00000241,1WEI-ANN,ANNA,,,"NO.12,DAH YEOU ST.,KENGKOU IND. TAIWAN",,886-2-2933-1256,,Active
00000242,UNION JECK,SONNIA,,,"NO.4,LANE31,TALI STREET,TAICHUNG TAIWAN",,,,Active
00000243,C.T.I,ANGELA CHIANG,,,"TAINAN CITY, 10SHIH CHIEN ST., TAIWAN",,,,Active
00000244,PUTW CO.,LISA CHANG,,,"8165 DR.A SANTOS AVE., SUCAT RD.,P'QUE",,,,Active
00000245,1PO CHANG,MICHI TSAI,,,"NO.582-28 SEC.1,CHUNG YANG RD.TAIWAN",,,,Active
00000246,SUCAT REFRIGERATION & AIRCON,,,,,,,,Active
00000247,MOTORIX MOTOR,,,,#68 BANAWE,,,,Active
00000249,XXXXMAXTRO MKTG CORPORATION ( YAMATA ),,,,,,,,Active
00000250,Q.C. TOYOCARS MOTOR PARTS CORP,REY ACCT BDO#1378007890,3413-4880,,"26 BANAWE ST., QUEZON CITY",007-253-344,,,Active
00000251,PROFESSIONAL FEE,,,,IMELDA BONIFACIO,,,,Active
00000252,AUTOSPEED GROUP INT'L CORP,,,,,,,,Active
00000253,DELBERT TEE,,,,,,,,Active
00000254,AUTOCIRCULOCORP.,,,,"2316 AURORA BLVD. MARICABAN, PASAY CITY",,,,Active
00000255,CLIMATE MASTER MARKETING,,,,"19 BANAWE STREET, BRGY.DOÑA JOSEFA, Q.C",,,,Active
00000256,STRONGFIX BOLTS & NUTS,WHISTLER KENT UY 09694424595,88360199 88043084,,"UNIT-P TIMES SQUARE, 8145 DR. A. SANTOS  GCASH 09060660800 DAN ROSS ",,,,Active
00000257,HARVEY CHI,,,,COMPUTER PROGRAM,,,,Active
00000258,CHRISTOPHER PRE,,,,,,,,Active
00000260,PAG-IBIG FUND,,,,,,,,Active
00000261,CYCLEMAR CALOOCAN CORP,,,,GRACE PARK CALOOCAN,005-149-072-000,,,Active
00000262,DA WOU INDUSTRIAL,,,,,,,,Active
00000263,BUM,,,,MALABON CITY,,,,Active
00000264,PHILCHAMPTRANSPORTRESOURCEINC,,,,ACACIA ST KAMPUTHAW CEBU CITY,,,,Active
00000265,MISCELLEANEOUS EXPENSES,,,,,,,,Active
00000266,LOGISTICS EXPENSES,,,,,,,,Active
00000267,1WE CHERNG ENTERPRICE CO.,,,,"NO.4-8, LN.DONGSHIN, DINNAN ST, TAIWAN",,,,Active
00000268,TOOL  WIND PARTS AND SERVICES,,,,,,,,Active
00000269,BIR,,,,,,,,Active
00000270,CLEARPACK,,,,DONA SOLEDAD BETTER LIVING,,,,Active
00000271,GORDIEL AUTO PARTS,,,,,,,,Active
00000272,HONDA PRESTIGE TRADERS INC,,,,SUCAT,,,,Active
00000273,MGRJ GENERAL MERCHANDISE,,,,,,,,Active
00000274,TIMES TRADING CO,,,,,,,,Active
00000276,KARWILL PARTS SUPPLY CORPORATION(ARIES),CHIT,7320235/7325503,,"#599 G. ARANETA AVE., DOÑA IMELDA, Q.C",007-422-977,,,Active
00000277,SHIEY JONG ENTERPRISE CO.,,,,"NO.50, LANE148,LI-DE ST., CHUNG-HO TAIWA",,,,Active
00000278,VSS RUBBER TIME IND. CO.,,,,"NO.33,LN.225,XIFU RD.,WURI DIST.,TAIWAN",,,,Active
00000279,BOYET'S AUTO CARE SERVICES &,,,,TIRE SUPPLY,,,,Active
00000001,PALARIS INDUSTRIAL GAS CORPORATION,,,,SAN ANTONIO SAN PASCUAL BATANGAS,006-324-918,,,Active
00000002,NEW TAS AUTO SUPPLY ( BSB JUNROSE ),,254-1938,,"1508 ANTIPOLO ST., SANTA CRUZ MANILA",000-335-811,8732-5306,,Active
00000003,1-C.T.I. TRAFFIC INDUSTRIES,ANGELA CHIANG,886-6-6991235,,"10 SHIH CHIEN STREET KUAN TIEN INDUSTRIAL PARK, TAINAN CITY 720 , TAIWAN (R.O.C)",,06-6991271,,Active
00000004,1-ANCHOYA CORPORATION,Mr. JAYSON YEH,+886-2-22260990,,"13F - 5 , NO. 1211, ZHONGZHENG RD., ZHONGHE DIST., NEW TAIPEI CITY,  TAIWAN",,+886-2-22260930,,Active
00000280,JOVANISAN MKTG,MS KATHY,7331904,,T ALONZO STA CRUZ MANILA,,,,Active
00000281,JV GAS TRADING,,,,DONA SOLEDAD BETTER LIVING SUBD DON BOSCO PARANAQUE CITY,171-099-669,,,Active
00000282,"SJ GAS AND APPLIANCE CENTER, INC",,,,DR A SANTOS AVE SAN DIONISIO SUCAT PARANAQUE CITY,001-859-679,,,Active
00000283,SUCAT DIAMOND INDUSTRIAL SUPPLY,,,,DR A SANTOS AVE CLARMEN VILL SAN ISIDRO PARANAQUE,202-187-468,,,Active
00000284,JOVANISAN,,,,,,,,Active
00000285,MARC ALAIN GENERAL MERCHANDISING,,,,,104-035-406,,,Active
00000286,MANPOWER,,,,,,,,Active
00000287,FRDMAZ1 AUTO PARTS,,478-5105,,"9 PRESIDENT AVE. BRGY. BF HOMES, P'QUE CITY     BDO004120144537",,,,Active
00000288,ABU ARRABON,,,,,,,,Active
00000289,ARANZAZU ENTERPRISES ( SAN MATEO ),,912-5142,,"948 AURORA BLVD., CUBAO, QUEZON CITY",104-024-679,912-9355,,Active
00000290,A.A.G MOTOR ENTERPRISES,,,,"23-A MAXIMO VIOLA ST., BALINGASA, QUEZON CITY",,,,Active
00000291,GLOBETROTTERS INC,HELENA TY,526-4143,,,,,,Active
00000292,DAVAO ECONOMY AUTO PARTS CENTER INC,,,,VILLA ABRILLE ST DAVAO CITY,,,,Active
00000293,RBS BUSINESS SERVICES ( IMELDA A. BONIFACIO ),,,,,,,,Active
00000294,"XXXS.T. RUBBER FACTORY CO.,",,,,"42/1 MOO 1, SOI RONG MUNK, PUTTAMONTON SAI 4, KATUMLOM, SAMPRAN, NAKHON, PRATHOM 73220, THAILAND",,,,Active
00000295,CHUN MUK SCREW CENTER,,,,T MAPUA ST STA CRUZ MANILA,905-635-497,,,Active
00000296,VALZEN GENERAL MERCHANDISE & SERVICE CENTER,,,,CLARMEN VILLAGE SUCAT PARANAQUE,202-543-164,,,Active
00000297,FREIGHT JOSEPH V. REJUSO,,,,UNION BANK 014020009317,,,,Active
00000298,LINSCUA / OASIS ( FOR INVOICE ISSUANCE),014020009317 UNION BANK JOSEPH REJUSO,,,014020009317  UNION BANK JOSEPH REJUSO,,,,Active
00000299,SECURITY WAREHOUSE,,,,,,,,Active
00000300,HOC 88 TRADING,,,,,,,,Active
00000301,LABOR,,,,,,,,Active
00000302,JC CAR SHACK TRADING,,,,DR A SANTOS AVE SUCAT PARANAQU,173-976-272,,,Active
00000303,ED & EV TRADING AUTO SUPPLY,,872-0395,,,,,,Active
00000304,NEW TAS AUTO SUPPLY ( ROTARY ),,,,,,,,Active
00000305,TIRE ASIA GROUP INC,,,,DR A SANTOS AVE SAN ISIDRO PARANAQUE,004-741-308,,,Active
00000306,WIN-FLEX MARKETING & INDUSTRIAL SALES,SONNY S. SOLANO,825-5054,,"8170 DR, A. SANTOS AVE., BRGY, SAN DIONISIO DIST. 1 PARAÑAQUE CITY",,,,Active
00000307,Filton Industries,Mr. S.C. Lee,603-5161-1482,,"lot 9869, 4 miles, jalan sellathevan, kg. jawa, 41000 klang, selangor darul, ehsan, malaysia",,,,Active
00000308,"HMR PHILIPPINES, INC.",,,,"IL-105 G/F SM HYPERMARKET BLDG.,ADRIATICO ST., BRGY. 720, ZONE 078, MALATE, MANILA",,,,Active
00000309,ISUZU MANILA,,,,,,,,Active
00000310,FREIGHT-BRIGHT GOAL TRADING / SILVER PINNACLE/MULTIFRONT MKTG CORP,645-7645023672 METRO,,,AYON BLDG INOCENCIO TRECE MARTIREZ CITY CAVITE,466-529-946,,,Active
00000311,ENKAT TRADING,BDO-005320219211,,,"# 1747 EVANGELISTA ST., BANGKAL MAKATI CITY",,,,Active
00000312,1SANHO INDUSTRY INC. CO.,MR. SIMON,886-3-3411161,,"No.1279, YU-AN ROAD, TAOYUAN CITY, TAIWAN, R.O.C.",,886-3-3411358,,Active
00000313,CSC KORONADAL SURPLUS & A/S,,,,"ROXAS ST., KORONADAL CITY S.COTABATO",,,,Active
00000314,JIGA MAGS AND TIRE SUPPLY,,,,"LOT 1-A NINOY AQUINO AVE., BRGY. SAN DIONISIO PARAÑAQUE CITY",,,,Active
00000315,CITY HALL ,,,,,,,,Active
00000316,SUVIC PAINT CENTER,SHERMIN LYNN C. TAN,826-3268,,"G/F VAJ BLDG., 7604 DR.A.SANTOS AVE., SAN ISIDRO, SUCAT, PARAÑAQUE CITY",234-041-934,,,Active
00000317,PERTUA MARKETING CORPORATION,3958067351,362-1545,,"#75 OLD SAMSON ROAD BALINTAWAK, QUEZON CITY,",,,,Active
00000318,ATLAS AUTO SUPPLY,,BDO-4560021794,,"1017-B BENAVIDEZ ST., BRGY. 294 ZONE 48 DIST III BINONDO MANILA 1006",110-779-526,robert,,Active
00000319,M.R. HYDRAULICS,,,,"8172 DR. A. SANTOS AVE., BRGY. SAN DIONISIO, PARAÑAQUE CITY",,,,Active
00000320,RADIANT ROPE GENERAL MDSE.,,243-1897,,"528 STO. CRISTO ST. BRGY. 281 ZONE 26 TONDO, MANILA",,,,Active
00000321,MITZU MOTOR PARTS ,C/O ATLAS AUTO SUPPLY,,,,,,,Active
00000322,EX-MANILA TRADING,,586-8751 / 63-4739 / 562-1507,,"1852 GEN. LUNA EXT., BRGY. 685 ZONE 74., PACO, MANILA",,,,Active
00000323,FREIGHT-METRO LYNX ENTERPRISE (JOAN VERSOZA LIN),,,,,,,,Active
00000324,TRINITY MARKETING INC,,247-2888,,YUCHENGCO ST BINONDO MANILA,000-327-489,242-8347,,Active
00000325,EURO FIRST,,852-3921,,,,,,Active
00000326,MAYON CONSTRUCTION SUPPLY,,,,,,,,Active
00000327,AUTORAMA PARTS CENTER,,,,,,,,Active
00000328,"CLOVER MOTOR SUPPLY, INC.",,244-8274,,"948 BENVIDEZ ST., BRGY. 295 ZONE 28, BINONDO , MANILA",000-331-741,,,Active
00000329,SEIRING CORPORATION,BDO # 002560204564,716-8407,,"15 G. ARANETA AVENUE, DOÑA IMELDA, QUEZON CITY",003-502-887,716-8408,,Active
00000330,GLOBAL CAR KLINIK AND SERVICE CENTER INC,,,,,,,,Active
00000331,RIGHT CORNER COMMERCIAL,,826-5228,,"8334-F DR.A. SANTOS AVENUE, SUCAT RD., PARAÑAQUE CITY",126-543-141,,,Active
00000332,1DAWOU,,,,,,,,Active
00000333,TGQ,,,,,,,,Active
00000334,xxxx1ANNAxxxxxxxxxx,,,,"NO. 12, DAH YEOU ST., KENGKOU IND. PARK, LUCHU, TAOYUAN, TAIWAN",,,,Active
00000335,"1HYREAL AUTO PARTS CO., ",,+88-2-29832371,,"NO.28, LANE 60,CHUNGYANG RD., SEC.1 SANHUNG, TAIPIE, TAIWAN 241",,+886-2-29832376,,Active
00000336,EXCEL SYSTECH CORPORATION,,800-0594,,REAL ST ALABANG-ZAPOTE ROAD LAS PINAS CITY,213-189-009,8057778,,Active
00000337,"1PROFUSE ELECTRONICS CO., LTD",Ms. Amy,03-955-7777,,TAIWAN,,03-955-3300,,Active
00000338,NAT'S AUTO PARTS & GENERAL MERCHANDISE,,788-2615,,"NO.37 CANAYNAY AVENUE, SAN DIONISIO, PARANAQUE CITY",,,,Active
00000339,PARTSQUARE ENTERPRISES,,"825-2102, 820-0648",,"8168-B DR. A. SANTOS AVENUE, SUCAT ROAD, PARAÑAQUE CITY",,,,Active
00000340,DTI,,,,,,,,Active
00000341,REDIPARTS DIESEL CALIBRATION CENTER,,,,,,,,Active
00000342,MOTOR IMAGE MANILA INC,,,,BLK 2 LOT 39 BRADCO AVE. ASEANA CITY BRGY. BACLARAN  ( BPI 3931-0066-56),,,,Active
00000343,NISSHIMBO PARTS INC.,,,,"1452 SAN MARCELINO ST., BRGY. 676 ZONE 073 ERMITA MANILA",008-509-642,,,Active
00000344,TRAMEC SLOAN,BRO0K HESSEY,800-336-7778,,30 DAVIS ST LOLA KANSAS 66749,,,,Active
00000345,WYL  MOTOR SUPPLY,,,,,103-989-884,,,Active
00000346,RIDE INC,,7327070,,BANAWE ST QUEZON CITY,004-708-330,7329136,,Active
00000347,VERIMAX INCORPORATED,,,,JUAN LUNA ST BINONDO MANILA,008-172-582,,,Active
00000348,E.T,,,,,,,,Active
00000349,JONEL MARKETING8212 DR. A SANTOS AVE. SAN ISIDRO PQUE CITY,,,,,251-333-847,,,Active
00000350,COURIER,,,,,,,,Active
00000351,OFFICE SUPPLIES,,,,,,,,Active
00000352,REDIPARTS DIESEL CALIBRATION CENTER,,524-5224,,1724 B TAFT AVENUE PASAY CITY,,,,Active
00000353,MANILA UNITED ELECTRICAL SUPPLY INC,,,,RONQUILLO ST STA CRUZ MANILA,000-330-410,,,Active
00000354,DNC MOTORCYCLE CENTER,,,,10TH AVE COR RIZAL AVE CALOOCAN CITY,121-520-212,,,Active
00000355,ABU ARRABON ENTERPRISE,,,,,,,,Active
00000356,JAG,,,,,,,,Active
00000357,TO SUY SCREW HARDWARE,,,,,103-905-204,,,Active
00000358,G-POWER AUTO PARTS TRADING,,731-3816,,"# 45 KALIRAYA ST., BRGY. TATALON, QUEZON CITY",917-867-835,998-4596,,Active
00000359,RODGE TIREBATZ TRADING,,,,SAMPALOC MANILA,,,,Active
00000360,WHOLE WEALTH MARKETING,,,,,,,,Active
00000361,MOTO ROAD TRADING,,,,,,,,Active
00000362,FAMS DIESEL PARTS,,,,685 A. BONIFACIO AVE. BALINTAWAK QUEZON CITY,,,,Active
00000363,ASIAN DYNASTY IMPORT-EXPORT CORP,,,,,,,,Active
00000364,MTR CANVAS SUPPLY,,,,SOLER ST BINONDO MANILA,108-971-258,,,Active
00000365,ILOILO AUTO SUPPLY,,,,,,,,Active
00000366,SILICON VALLEY,,,,,240-717-734,,,Active
00000367,YOUNG ADVANCE IRON CORP BDO ACCT.004390000805,,5239655,,30 KALAKAL ST SRV DISTRICT 1 NAVOTAS STAINLESS GATE KATABI NG #32 NA GREEN NA GATE SA LIKOD NG HIGH SCHOOL,004-711-609,ann8-523-9659,,Active
00000368,( CONSIGNMENT ) MAXTRO ,,,,,,,,Active
00000369,"NEW TAS AUTO SUPPLY / (ROS AUTOHUB, INC)",,8-361-8630/8-364-0556,,10TH AVE CALOOCAN CITY,,,,Active
00000370,BASIC - SAFEKEEPING,,,,,,,,Active
00000371,TAS- SAFEKEEPING,,,,,,,,Active
00000372,WC-SAFEKEEPING,,,,,,,,Active
00000373,MOSSUTO,,,,,,,,Active
00000374,TOYORAMA MOTOR CORP.,,731-9999,,28 BANAWE ST. DOÑA JOSEFA 4 QUEZON CITY,000-388-579,,,Active
00000375, ( CONSIGNMENT) BESTAT AUTOPHIL CORPORATION,,,,,,,,Active
00000376,SYLTECH MOTOR PARTS & CAR ACCESSORIES,ALEX SY,743-0136,,34-E BANAWE ST. CORNER MARIANO CUENCO QC,,,,Active
00000377,MOBILEWORLD,,,,,,,,Active
00000378,TONGSON AUTOMOTIVE SUPPLY,,,,"#1036 Benavidez St., Binondo Manila",,,,Active
00000379," (Monroe Marketing Co., Inc.)",668041493,0925-712-4086 j-tan,,"49 Ragang Street, corner Mauban Street, Barangay Manresa, Quezon City  Look for Mon de Leon",000-668-041,NEW TAS AUTO SUPPLY /,,Active
00000380,"( DO NOT USE )Thunder Automotive Parts, Inc.",sir fred / coleman,244-6529,,1026 G. MASANGKAY ST. BRGY. 294 ZONE 28 BINONDO MANILA,201-395-201,,,Active
00000381,TOLL FEE,,,,,,,,Active
00000382,WINTER ENTERPRISES,,243-1506,,"1164 SOLER ST., BINONDO, MANILA ",,00-11-700-74-918,,Active
00000383,ROADSTAR AUTO SUPPLY,,,,,,,,Active
00000384,sample,,,,,,,,Active
00000385,CHAMBER AUTO CENTRUM INC.,,,,SAN DIONISIO PQUE CITY,,,,Active
00000386,"1S.T. RUBBER FACTORY CO.,LTD",MS. YONG,,,THAILAND,,,,Active
00000387,1MOSSUTO,WEI-LIANG  CHEN,,,TAIWAN,,,,Active
00000388,ARCENAL MACHINE ENGRAVERS & TOOLING SERVICES,,,,"8373 DR.A. SANTOS AVE., BRGY. BF HOMES, PARAÑAQUE CITY",,,,Active
00000389,SALARY AND OTHER EXPENSES,,,,,,,,Active
00000390,FRANCIS,,,,,,,,Active
00000391,1SHIEY JOUNG ENTERPRISE,JASON WU,886-2-2223-3755,,TAIWAN,,,,Active
00000392,1SEAL AFTERMARKET PRODUCTS,,,,USA,,,,Active
00000393,BOBBY - CITYHALL,,,,,,,,Active
00000394,WIN WIN DOC SERVICES,,,,,,,,Active
00000395,1 EDEN KUO,,,,TAIWAN,,,,Active
00000396,BPI / MS INSURANCE CORPORATION,,,,,,,,Active
00000397,1FILTON INDUSTRIES,,,,TAIWAN,,,,Active
00000398,AIDAN MARKETING,,,,CEBU CITY,,,,Active
00000399,R.M MACHINE SHOP,,801-4163,,"B23 L9 MARCOS ALVAREZ ROAD, TALON 5, LAS PIÑAS CITY",,,,Active
00000400,WHEELS  INC (mitsubushi) 003660103688,,8-370-4914,,,,721-1607,,Active
00000401,RESTORE INC,JIM DEORBORN,,,jdearborn@restoreauto.com,,,,Active
00000403,TESGENE MANUFACTURING,,,,,,,,Active
00000404,JSR ENTERPRISES,julius 0917-793-6845,8-367-5934/8-463-3120,," #8, warehouse B6, maysan road, valenzuela. land mark hi top truck scale",,8-555-0008,,Active
00000405,CANCEL,,,,,,,,Active
00000408,K-SEAL INTERNATIONAL,DAMIAN WARREN,,,75 N. MAIN STREET MEDFORD NEW JERSEY 08055 USA,,,,Active
00000409,FM LUCAS AUTOMATIC TRANSMISSION SPEALIST,,,,BICUTAN TAGUIG CITY,,,,Active
00000410,ROTA-COOL REF& AIR CONTIONING SUPPLIES,,,,SAN ISIDRO PQUE CITY,,,,Active
00000411,"OLYMPIA AUTO SUPPLY, INC.",,176-1386,,QUEZON CITY,,,,Active
00000412,IGAN TRADING,,,,,,,,Active
00000413,YONGXIN HARDWARE,,,,,,,,Active
00000414,D S R B,,,,,,,,Active
00000415,AERODYNAMICS COMMERCIAL CORP,,2447747/29/22,,MASANGKAY ST BINONDO MANILA,,,,Active
00000416,HI-PRECISION DIAGNOSTICS,,,,,,,,Active
00000417,ROKS ELECTRONICS CENTER,,7330131,,"558 G. PUYAT ST., BRGY. 303 ZONE 29 DISTRICT 3, STA. CRUZ, MANILA",103-946-422,7343598,,Active
00000418,ISLAND MOTORISTS CENTER,,,,PQUE CITY,,,,Active
00000419,JVS PAINT CENTER,,,,PQUE CITY,,,,Active
00000420,"1NINGBO BRAVAN MACHINERY CO.,LTD",,,,,,,,Active
00000421,UNIVERSAL TPK CHEMICAL LTD. CO,,,,CAVITE,,,,Active
00000422,FUJI INVENTORY,,,,,,,,Active
00000423,ALL-FLEX MARKETING AND INDUSTRIAL SALES,,049-544-0866,,"698 NAATIONAL HIGHWAY CANLALAY, BINAN, LAGUNA",,,,Active
00000424,EDASCO AUTO SUPPLY,,,,"1712 EVANGELISTA COR. GEN. LACUNA STS., BANGKAL, MAKATI CITY",,,,Active
00000425,JAY-M TIRE SUPPLY,,829-4233,,"8218 DR.A SANTOS AVE., BRGY SAN ISIDRO SUCAT, PARAÑAQUE CITY",237-803-976,,,Active
00000426,SKY AUTO PARTS,,741-1421 * 740-3228 / 3231,,"395 BANAWE ST., PROSPERITY BUILDING 4TH FLOOR., QUEZON CITY",,416-6662,,Active
00000427,ELBYNART CORPORATION ( RAM COMMERCIAL ) / RUBPERT,FORMER RAM ( RUPERT),,,861 G tolentino street zone 041 brgy 396 SAMPALOC MANILA,,,,Active
00000428,A-5 ENTERPRISES INCORPORATED,,+63 (2) 8 366 4581,,GOV PASCUAL ST MALABON,005-367-720, +63 (2) 8 294 7409 /  +63 (2) 8 294 7410,,Active
00000429, TEN PLUS AUTO SUPPLY,,,,QC,,,,Active
00000430,BDM MACHINE SHOP,,,,PANDACAN MANILA,,,,Active
00000431,I AUTO INC.,,,,TONDO MANILA,,,,Active
00000432,1OSHIKAWA,,,,THAILAND,,,,Active
00000433,WHEELS INC. ( HYUNDAI E. RODRIGUEZ),,,,,,,,Active
00000434,DEL AIR,,,,,,,,Active
00000435,COIL MASTER ENTERPRISES,HYDIE,724-2247/09228657792,,#1 seattle st.cor.n domingo bry. kaunlaran qc,,,,Active
00000436,HOPE ADHESSIVE,MA'AM JEAN,365-8886,,17C CORDERO ST. BETWEEN 2nd & 3rd AVE. GRACE PARK CALOOCAN CITY,,,,Active
00000437,ACHIEVERS SALES CORPORATION,,,,BONI AVE PLAIN VIEW MANDALUYONG CITY,000-050-180,,,Active
00000438,TORNG DAH COMMUNICATION INDUSTRIAL CO. LTD,,,,"6F., NO.99 SEC.1 ZHONG CHENG RD., SHIH-LIN DIAT., TAIPEI CITY 111, TAIWAN, R.O.C.",,,,Active
00000005,NEW TAS AUTO SUPPLY ( NORMAN ),,,,,,,,Active
00000439,arya ent. flying v gas station,,,,,,,,Active
00000440,DELA CRUZ CAR AIRCON & ELEC. SHOP,,,,,,,,Active
00000441,DAN BROS,,,,,,,,Active
00000442,YIE KUANG,,,,,,,,Active
00000443,DARLIE GOZALEZ ELEC. REPAIR,,,,,,,,Active
00000445,MIT-TOYO PARTS CENTER INC.,,740-9645/743-7642/416-7718,,"# 40 BANAWE CORNER KITANLAD ST.,TATALON QUEZON CITY",,,,Active
00000446,ELECTROBEST SALES CENTER,,,,,,,,Active
00000447,RODEL,,,,,,,,Active
00000448,A.M. CYCLE PARTS ENTERPRISES,,,,LUZON ST TONDO MANILAS,173-781-462,,,Active
00000449,COMMISSION - SALESMAN,,,,,,,,Active
00000450,CASH,,,,,,,,Active
00000451,ANDREA SANTOS,,,,,,,,Active
00000452,LBC,,,,,,,,Active
00000453,BNT AUTO PARTS PHILIPPINES,,,,,,,,Active
00000454,"SEALING TECPRO INTERNATIONAL CO., LTD.",MR. ALBERT WU,02-2278-2915,,"6F. -4,No.18, Ln.609, SEC.5, CHONGXIN RD., SANCHONG DIST., NEW TAIPEI CITY 241, TAIWAN R.O.C. ",,02-2278-2913,,Active
00000455,JRS,JESZELLE,(02) 8820-6443/8551-3707,," Address: 8260 Dr. A. Santos Avenue San Isidro, Sucat Paranaque City Metro Manila",,0943-7089058 / 0943-7089077,,Active
00000456,WARREN YU,,,,,,,,Active
00000457,ENRIQUEZ IMPORT-EXPORT,,782-4712,,490 G ARANETA ,008-921-518,,,Active
00000458,HAMCO STATIONERY CORP,MYRA,241-0026 2446622,,480 YUCHENGCO ST,004-728-860,,,Active
00000459,GUANGDONG FARET AUTO RADIATOR ,MR. JHAMES ZHONG,+86 20-39991826-804,,"NORTH No.1 SECOND ROAD NAN SHUANGYU INDUSTRIAL ZONE   WEST YU SHAN ROAD PANYU DISTRICT, GUANGZHOU CITY, CHINA",,+86 20-39991896,,Active
00000460,GLEAMIST JR. PAINT CENTER,,,,,,,,Active
00000461,MARICEL STORE,,,,,,,,Active
00000462,5-E MACHINE SHOP,,,,,,,,Active
00000463,R-9-AUTO SERVICE,,,,,,,,Active
00000464,"GYRO FUZION ENTERPRISES CO., INC ",,,,UNIT J NO. 69 N. ROXAS ST. BRGY QUEZON CITY,,,,Active
00000465,YUNG CHEN WU INDUSTRIAL CO. LTD,MAUSUNG WU,935786395,,"NO. 121-6, SEC.2, JHONGSHAN RD. SHULIN DIST., NEW TAIPEI CITY 238 TAIWAN",,,,Active
00000466,BILSTEIN PHILIPPINES,SIR. HORGE,721-0368/77 - 09189335576,,"465 Lt. Artiaga Street, Bgy Corazon de Jesus, 1555 San Juan, Philippines",,,,Active
00000467,VOLMAX MARKETING,CHARLIE YANG,244-8375 244-8031,,,120-318-098,,,Active
00000468,AUTO EMPIRE GESELLSCHAFT INC,CARLO BENITEZ CARLOMATEOBENITEZ@YAHOO.COM,049-9869014,,"KM 49 STA. ROSA TAGAYTAY ROAD, BRGY. PULONG STA CRUZ STA. ROSA CITY LAGUNA ACCT 003530177169",,049-502-5181,,Active
00000469,JERRY ELEC. SHOP,,,,,,,,Active
00000471,SHELTON PHILIPPINES AUTO PARTS,,,,,,,,Active
00000473,WINTERPINE,,,,,,,,Active
00000474,INFINITE INTEGRATION & CONSULTING CORP,,,,,,,,Active
00000475,LTO,,,,,,,,Active
00000476,MAUSUNG,,,,,,,,Active
00000477,"HIGH LINK AUTO PARTS CO., LTD",,,,TAIWAN,,,,Active
00000478,JUMICAR AUTO PARTS SUPLLY,,,,,,,,Active
00000479,SHELTON PHILIPPINES AUTOPARTS,,,,ILOILO CITY,102-268-574,,,Active
00000480,INVENTORY,,,,,,,,Active
00000481,BRAKE PADS,,,,,,,,Active
00000482,CCTV KING,,,,121 QUEZON AVE QUEZON CITY,008-002-359,,,Active
00000483,VALVE COVER WASHER,,,,,,,,Active
00000484,EXHAUST PIPE GASKET,,,,,,,,Active
00000485,INV.OIL COOLER GASKET,,,,,,,,Active
00000486,CHEVROLET MANILA,,,,,,,,Active
00000487,LHC-INVENTORY,,,,,,,,Active
00000488,LIGHTNING AUTOMOTIVE,,,,,,,,Active
00000489,ERCL ENTERPRISES,SIR ERIC,230-3122,,"# 669D MANGGA AVE., SAMPALOC MANILA",,501-1521,,Active
00000490,PETTY CASH,,,,,,,,Active
00000491,HARROWS INDUSTRIAL SALES,MAM CAMILLE,,,"ASCD IND'L AVE., EXT. COR. 9TH AVE CALOOCAN CITY",,,,Active
00000492,GREAT POWER ENTERPRISES,,,,,,,,Active
00000493,SCHWINGER ENTERPRISE,,(65) 654523235,,143 RIVERVALE DRIVE #07-549 SINGAPORE 540143,,,,Active
00000494,BANK CHARGES,,,,,,,,Active
00000495,WILCON DEPOT INC,,,,,,,,Active
00000496,SUNHUAT AUITOMOTIVE INTERMARKET PARTS CORP,,,,,,,,Active
00000497,"EVERGREEN AUTOMOTIVE PARTS MANUFACTURING,CORP.",,365-6352 to 53/364-5308,,"LAWANG BATO INDUSTRIAL COMPOUND,LAWANG BATO,VALENZUELA CITY",,364-9695,,Active
00000498,HYUKIZU PARTS CENTER (HYUNDAI/SUZUKI),,,,57 BANAWE,,,,Active
00000499,AUTANA TRADING,,,,,,,,Active
00000500,VGT KOREAN AUTO PARTS,,567-9966/554-0047,,182 BANAWE ST. BRGY TATALON QUEZON CITY,,,,Active
00000501,ROBERT ANDRES,,,,,,,,Active
00000503,NISSAN COMMONWEALTH INC.,,932-0428(356),,#41 COMMONWEALTH AVE. BRGY HOLY SPIRIT QUEZON CITY,,,,Active
00000504,CAR,,,,,,,,Active
00000505,JJLC TECHIE HUB ( AMARON PITSTOP ),,0906-481-8482/0908-1891111,,"ALL SPARK BATTERY STATION AND GEN MDSE  8185 BLUE GRANT BLDG DR A SANTOS AVE., SAN ISIDRO , SUCAT ",,,,Active
00000506,ESHIP BPO CORP,ARNEL ( FOREX ),,,,,,,Active
00000507,ALL SPARK BATTERY STATION & GEN MDSE ( AMARON),,,,,,,,Active
00000508,MAANES RELIABLE DIESEL CALIBRATION CO,,5245224,,1712 TAFT AVE PASAY CITY,009-290-312,,,Active
00000509,UNISON MOTOR CORPORATION,,,,1972 TAFT AVE PASAY CITY,000-304-099,,,Active
00000510,TOPPHAND-WELDING,,,,,,,,Active
00000511,TREBLINK COMPUTER SOLUTION,,,,,,,,Active
00000512,AUTOSPECS MOTOR SALES,SIR CORD,732-3835,,"# 37H BANAWE ST., CORNER DAPITAN QUEZON CITY",103-988-784,,,Active
00000513,BENISON CORPORATION,,,,,,,,Active
00000514,CRISOTO TAN,,,,,,,,Active
00000515,NEXGEN SIGNS,,8289187,,8284 DR A SANTOS AVE,,,,Active
00000516,MOTORCYCLE,,,,,,,,Active
00000517,ISUZU ELF,,,,,,,,Active
00000518,STAREX,,,,,,,,Active
00000519,HESLER JAPAN TRADING,"WIPER BLADE, CABLES, PISTON RING RIK",7402442,,21 ATOK ST BRGY STO DOMINGO Q.C.,,DAYA,,Active
00000521,WESTAR PLASTIC MANUFACTURING CORP ,,KENHON,,,,,,Active
00000522,as,,,,,,,,Active
00000523,"LIM YEE WAN CO., INC",,,,,,,,Active
00000524,TRIUMPH JT MARKETING CORP.,,361-4898/365-4854,,# 311 RIZAL AVE. EXT. BET 8TH & 9TH GRACE PARK CALOOCAN CITY,,,,Active
00000525,PLATINUM,RICA ROSARIO ONG,,,,,,,Active
00000526,MAZFORD PARTS CENTER INC,,732-0395 / 740-7671 / 749-4960,,69 BANAWE QC  ( BDO ACCOUNT# 001378015826),,414-6282,,Active
00000527,ARIEL O.DUMAJEL,,,,MIBANG STA.FILOMINA DIPOLOG CITY,,,,Active
00000528,SING MERCHANDISING CORPORATION,WILLIAM SING 0917-8992991/0918-8889888,2448122/8481/8501,,908-910 BENAVIDEZ ST BINONDO MANILA,,2477872,,Active
00000529,ZEON PLUS MARKETING ( MASSIVE ),,,,,,,,Active
00000530,CAR MAINTENANCE,,,,,,,,Active
00000531,MANILA RUBBER CORPORATION,manilarubber@yahoo.com,9831331-32,,50 JO RAMOY RD BO TALIPAPA CALOOCAN,000-295-662,9831190,,Active
00000532,KEYLARGO CAR ACCESSORIES CENTER (KPI MANUFACTURING INC.),"SGS FOUNDATION BLDG, G. ARANETA, QUEZON CITY",990-0769/9178357035,,1077-I GENESIS ST CIELITO ZABARTE ROAD CAMARIN CALOOCAN CITY,,990-2011 rossete,,Active
00000534,HINO PARANAQUE METRO MANILA,,8200193 TO94,,4996 NINOY AQUINO AVE,007-330-309,,,Active
00000535,RMJBC,,7331501/1517/0461,,557 GONZALO PUYAT ST STACRUZ MANIL,007-970-010,313-8206,,Active
00000536,NEW TAS AUTO SUPPLY ( BLAZER),,,,,,,,Active
00000537,NEW TAS(PHILIPPINE BELT),,,,280 SIEMKANG BLDG.DASMARIñAS STREET BINONDO MANILA,,,,Active
00000538,1UNICOM,,,,,,,,Active
00000539,SHORT PAYMENT,,,,,,,,Active
00000540,FLANNEL CLOTH,,,,,,,,Active
00000541,COMMUTER AUTOMOTIVE SUPPLY CORP INC,,244-7697,,1017 MASANGKAY ST BINONDO MANILA,,244-7696,,Active
00000542,FREIGHT - COST,,,,,,,,Active
00000543,YEK YEU MERCHANDISING INC,,2423401-07,,491 SAN FERNANDO ST SAN NICHOLANS MANILA,,,,Active
00000544,FREIGHT-PLATINUM TRANSPEED CO LTD,09177777735 RICA ROSARIO ONG,09175127266 EMS,,,,,,Active
00000545,AHAM - EMMA YEUNG,,,,,,,,Active
00000546,J.P.S. MACTAL ENTERPRISES,,,,,,,,Active
00000547,HONDA PILOT,,,,,,,,Active
00000548,SEATMATE,,,,,,,,Active
00000549,OCA,,,,,,,,Active
00000550,SHAOLIN,,247-6953,,886-H ALVARADO ST. BINONDO MANILA NEAR REINA REGENTE CHINA LUCKY TOWN MALL,,,,Active
00000551,IMELDA A. BORINES - BOOKEEPER,,,,,,,,Active
00000552,JAPKOR,,,,,,,,Active
00000553,RAMROD TRADERS  INC,,,,M.L QUEZON MAGUIKAY MANDAUE CITY 6014 CEBU,,,,Active
00000554,ROYAL AUTOMOTIVE PARTS CO INC,,032 238 9540-42,,#13 P.REMEDIO ST MANDAUE CITY,,,,Active
00000555,LRD AUTO REPAIR SERVICES,,8217269  6970194,,119 MULTINATIONAL AVE MULTINATIONAL VILLAGE,,,,Active
00000556,OCTAGON COMPUTER,,,,SM CITY SUCAT SAN DIONISIO PARANAQUE,004-780-008,,,Active
00000557,BIR-SHARP,,,,,,,,Active
00000558,ACCESS MOTOR PARTS / ALBERT CO,,,,# 21 CADIG ST. BRGY SAN ISIDRO LABRADOR LALOMA QUEZON CITY,,,,Active
00000559,1MILLION KEY,,,,,,,,Active
00000560,NEW TAS AUTO SUPPLY / HANSON YU,,,,,,,,Active
00000561,GERALD MEGUIZO-GLM AUTO REPAIR CENTER,GERALD,,,29-B MAXIMO VIOLA ST BALINGASA QUEZON CITY,,,,Active
00000563,ICHIBAN MOTOR PARTS,lauro lim,732-1770   / 1406,,# 43 BANAWE ST.   ,,,,Active
00000564,GREENLEAF WOODWORKS CORP,,,,,,,,Active
00000565,RIKEN MOTOR SALES INC.,,,,1022-G MASANGKAY ST BINONDO MANILA ,,,,Active
00000566,ACRO-LINE AUTO PARTS CO INC.,,,,CALOOCAN SOUTH,,,,Active
00000567,SSCN TRADING,SHIRLEY,,,686 GANDARA ST,,,,Active
00000568,SKY ELECTRICAL & PNEUMATIC CONTROL CENTER / ANIGO TRADING,MARK,8735-9995,,"1314 Recto Ave, 299 Z 29 Sta Cruz, Manila, 1003 Metro Manil",194-718-364,8735-9996,,Active
00000569,ROMVI,,,,,,,,Active
00000570,KANZEN MOTORS SUPPLY,,87322455,,82 B BANAWE COR SAMAT ST Q.C.,103-998-542,,,Active
00000571,SHECHEM GENERAL TRADING,,,,,,,,Active
00000572,AUTOVELOCITY CORPORATION (CHEVROLET NOTYH EDSA),CLIFFER,374-0287,,1021 EDSA MUñOZ PROJ.7 QUEZON CITY,,,,Active
00000573,E & J FIRE FIGHTING EQUIPMENT CO,,8727-3620/8664-1422,,512 F. MANALO ST BRGY KABAYANAN SAN JUAN CITY,,,,Active
00000574,HARI GARMENTS MANUFACTURING,,,,,,,,Active
00000575,PHILERGY INC,,,,,,,,Active
00000576,GLENN G GANACAN,,,,,,,,Active
00000577,FORT STEEL INDUSTRIAL SALES ( C/O SOUTHERN ),APRIL ,9171344831,,10-G EVANGELISTA ST SANTOLAN PASIG CITY,,,,Active
00000578,NEW TAS ( RODMIL TRADING),,,,,,,,Active
00000579,JRS,,,,,,,,Active
00000580,JOAN CATHERINE CHUNG,,,,,,,,Active
00000581,KIA PARTS,IRISH,3411-2947,,,,,,Active
00000582,KATRINA AMORES ,KAT-BOOKEEPING,9434326596,,,,,,Active
00000583,WHEEL'S INC ( KIA ),,,,,,,,Active
00000584,FORD MANILA,,8562-5555,,,,,,Active
00000585,AMARON,JAMES / MICHAEL,02-788-9167  /  0906-481-8482  /  0908-189-1111,,,,,,Active
00000586,ROJ BORINES,,,,,,,,Active
00000587,SEASTAR CARGO LOGISTICS INC,,8364-4080 TO 83,,MAUBAN ST QUEZON CITY,,,,Active
00000588,PAMCO STATIONERY SUPPLY INC.,,242-9722 / 242-1830,,"528 E.T YUCHENGCO ST, BRGY. 289, ZONE 27, BINONDO, MANILA",,,,Active
00000590,NISSAN FRONTIER NAVARA PICK-UP 2008 MODEL DEISEL,,,,CHASSIS#MNTVCUD40Z0005517,,,,Active
00000591,QUALISTIHL MARKETING INC. CORP,,,,RICHILL INDUSTRIAL COMPOUND MILITON ESPIRITU AVE BRGY SAN ANTONIO (RAMON PASCUAL ),,,,Active
00000592,( J&SON'S HARDWARE TRADING )HARDEST WAY GENERAL MERCHANDISING,jerry,8741-8006 8401-6615/8741-5681,,"1441 MANOTOK COMPOUND , TONDO MANILA BDO# 000230063446",,,,Active
00000593,mitsubishi outlander 2007 3.0 gas 6b31,,crisoto,,jmyxlcw6w7u000273,,,,Active
00000594,MAHUSAY AUTO PARTS,,7916-3245,,,,,,Active
00000595,NEW TAPS AUTO SULLPY,,,,,,,,Active
00000596,178 CARGO FORWARDER,,,,,,,,Active
00000597,PHIL SHOPNET EXPRESS CORPORATION (BUBBLE WRAP),,,,,,,,Active
00000598,STEELHAUS GEN. MDSG. HARDWARE,ROMEL,825-3826 / 825-6106,,IN FRONT OF JAKA PLAZA  GCASH#09950312706 RICHMOND,,,,Active
00000599,EL DORADO,FERNAN,8631-4019/8524-4111/8561-4358,,GCASH#09209517661,,,,Active
00000600,Seldrado Auto Supply,FERNAN,8631-4019/8524-4111/8561-4358,,"Address: 1059 Pedro Gil St, Paco, Manila, 1000 Metro Manila",,,,Active
00000602,ART MOTOR PARTS,LORNA,8 732 6188,,119 Don Manuel Agregado Lungsod Quezon 1100 Kalakhang Maynila,,,,Active
00000603,ACCUPOWER DISTRIBUTORS INC.,TED / VERGIE /EVELYN, +63 (2) 8 241 0797,,2ND FLOOR SIEMKANG BLDG . 280 DASMARINAS STREET BRGY 291 ZONE 027 BINONDO MANILA 1006,009-843-576,METRO BANK-Account: 014-7014-53127-7,,Active
00000604,3RMAX INC,,88258567 88254527 ,,RICHLAND BLDG  BDO 000578042534,010-517-489,09291597679 09999764877,,Active
00000606,gold rush,,,,,,712-1319/711-8005/711-7914,,Active
00000607,judea st,dr.juvy,88216738,,,,,,Active
00000608,AP CARGO,,GCASH 023922793,,DOMESTIC AIRPORT PASAY,,,,Active
00000609,ACCESSSOFT,HANSEL / HARVEY / KENT,032-383-0764,,"G/F Square One Commercial Complex  M4 Singson Village, Subangdaku,   Mandaue City  ",,,,Active
00000610,lazada,,,,,,,,Active
00000611,SOUTHGATEMOTORS VENTURES CORP.,,,, BDO 011818000908,,,,Active
00000612,SUPER AA AUTOMOTIVE INCORPORATED,MICHAEL HUNG,,,BDO 001870083146,,,,Active
00000614,BENTLEY TRADING (ARKENSTAR ENTERPRISES),,"82441919,  82441928 or 29.",,,,,,Active
00000615,MAYON / CLK SUPERTOOLS DEPOT INC.,HAROLD,8243-1159-64,,CLK FSC- DASMARINAS,,,,Active
00000616,FRIENDSTAR VETERINARY SERVICES,,8821-3550 / 09209486182,,,,,,Active
00000617,TECTRAN COMMERCIAL CO. INCORPORATED / VOLMAX MARKETING,,,,114 BONI SERRANO BET. 10TH & 11TH AVE. EAST GRACE PARK BRGY 91  CALOOCAN CITY,,,,Active
00000618,jmcc auto supply,jun cruz,884-4831,,molino-paliparan barg. salawag dasmarinas cavite,,09694894841/09278143855,,Active
00000620,*CARTECH MARKETING,,,,"STA. ANA AVE., DAVAO CITY",,,,Active
00000622,MANTRADE DEVELOPMENT CORP,JHUN,9155193456,, 2280 pasong tamo ext.makati city  BDO 011538003248,000-129-871,,,Active
00000623,HYUDAI MANILA BAY,,8-556-1240,,,,,,Active
00000625,CHASE STEERING- RETURNS,,,,,,,,Active
00000626,CVI ENGINE REBUILDERS INC,ROMEO 'ROMY' BARNES,9273986362,,,,,,Active
00000627,4L & G AUTO SUPPLY,,,,PARANAQUE CITY,,,,Active
00000629,ROAD-FIT SERVICE Q.C CORPORATION,,8-524-2688,,557 B BANAWE ST. BRGY LOURDES QUEZON CITY,,,,Active
00000631,CHARLIE YOUNG,,,,,,,,Active
00000632,LINEN SAND LAYERS,ED OSWALD GO,0919-990-8487,,#28 GEMINI  ST PAMPLONA DOS LAS PINAS CITY,,,,Active
00000633,kuya aljun,aljun,8404-2648,,saint jude (trysekelan),,,,Active
00000634,SHOPPE ONLINE,,,,,,,,Active
00000635,PPLIST - COSTING,,,,,,,,Active
00000636,PPLIST 2 - COSTING,,,,,,,,Active
00000637,ARIANNA GAS STATION INC.,,,,PARANAQUE CITY,,,,Active
00000638,PETRON,,,,,,,,Active
00000639,SHELL ,,,,,,,,Active
00000640,MANILA OIL SEAL COMPANY ,ROY /JB,8-733-2267/733-2275/733-2295-733-2308,,656 EVANGELISTA STREET ZONE 030 BRGY 308 QUIPO MANILA ,000-083-563,8-733-2261,,Active
00000641,WILKINS,,,,,,,,Active
00000642,BSB JUNROSE,,,,"1508 ANTIPOLO ST., SANTA CRUZ MANILA",,,,Active
00000643,SYNERGYAUTO VENTURES CORPORATION ,,,,"BLOCK 42  FILINVEST CORP. CITY ,  ALABANG-ZAPOTE ROAD ALABANG MUNTINLUPA CITY METRO MANILA PHILIPPINES",,,,Active
00000644,Unioil Doña Soledad ,,,,,,,,Active
00000645,ALLPARTS HYDRAULICS INDUSTRIAL CORPORATION,LETTY,8524-3242/8-524-4251/8-524-3608 /8-521-6282,,"155 F. AGONCILLO ST ZONE 073  BRGY 675 ,1000 ERMITA NCR CITY MANILA FIRST DISTRICT PHIL",008-351-024,8-522-2067,,Active
00000646,PRICE UPDATE,,,,,,,,Active
00000649,1hyreal - update,,,,,,,,Active
00000650,ROTARY AUTO ELECTRIC INC.,,,,CALOOCAN CITY,,,,Active
00000651,ASSEMBLY PARTS (HYREAL),,,,,,,,Active
00000652,CASH,,,,,,,,Active
00000653,FORD  EVEREST NDT-4600,,,,,,,,Active
00000654,BUBBLE WRAP,,,,,,,,Active
00000655,PRIMAL ENTERPRISES CORPORATION,,8-376-2836/8-376-2837,,8 MILLER ST. BUNGAD SAN FRANCISCO DEL MONTER 1105 QC CTY SECOND DISTRICT PHIL.,,,,Active
00000656,EAST BANAUE MOTOR PARTS CORP.,,,,47 BANAUE ST QUEZON CITY,,,,Active
00000658,MANINDRA AUTO CORP.( FOTON QUEZON AVENUE),KENNETH,9171283982,,"833 QUEZON AVENUE, BGRY. STA CRUZ QUEZON CITY",,,,Active
